# _tick,_time,frames,total_loss,mean_episode_return,pg_loss,baseline_loss,entropy_loss,mean_rewards,mean_intrinsic_rewards,mean_total_rewards,mean_control_rewards,mean_count_rewards,forward_dynamics_loss,inverse_dynamics_loss,adversarial_loss,batch_action_variance
0,1654127646.21657,0,351.671997070313,0,0.06857130676508,0.003791220020503,-0.048637449741364,0,0.000617290206719,0.000617290206719,0.022901833057404,0.211875006556511,338.394409179687,9.72932052612305,3.52456212043762,3.1875
1,1654127648.66644,1600,311.470672607422,0.008475610055029,6.10607671737671,0.088030479848385,-0.04862592741847,0.000217187494854,0.001124457689002,0.001341645140201,0.024074777960777,0.216875001788139,290.672210693359,9.72867584228516,4.92430257797241,4.234375
2,1654127650.97149,3200,267.958099365234,0.027926828712225,-6.38138246536255,0.171074450016022,-0.048615925014019,0.000715625006706,0.000718418043107,0.001434043049812,0.023554231971502,0.236874997615814,261.387603759766,9.72619533538818,3.10324907302856,3.8583984375
3,1654127653.48067,4800,252.768585205078,0.006280487403274,1.46501481533051,0.014996057376266,-0.048630274832249,0.000160937488545,0.00091276265448,0.001073700143024,0.021647024899721,0.240624994039536,238.721771240234,9.72315883636475,2.89227247238159,2.30859375
4,1654127655.91027,6400,232.456283569336,0.027750000357628,1.14184558391571,0.054405365139246,-0.04863016307354,0.000693749985658,0.000794088235125,0.001487838220783,0.021167842671275,0.223749995231628,218.896911621094,9.72180080413818,2.68996095657349,2.5224609375
5,1654127658.39112,8000,211.650161743164,0.004085366148502,-0.581769168376923,0.009464023634791,-0.048623990267515,0.000104687504063,0.000803408911452,0.000908096437342,0.022425547242165,0.241249993443489,199.797378540039,9.72150325775147,2.75221705436707,3.609375
6,1654127660.71409,9600,196.560470581055,0.006025641225278,-0.110546678304672,0.009759676642716,-0.048623900860548,0.000146874997881,0.000800274487119,0.000947149412241,0.020946292206645,0.230625003576279,184.289184570313,9.71899795532227,2.70170164108276,2.484375
7,1654127663.26345,11200,181.165054321289,0,-0.047954045236111,0.002402484416962,-0.048625621944666,0,0.000751337094698,0.000751337094698,0.020195093005896,0.223749995231628,168.894332885742,9.72714710235596,2.63775157928467,2.8427734375
8,1654127665.62446,12800,171.844253540039,0.015687499195337,0.586386620998383,0.021523391827941,-0.048625729978085,0.000392187503166,0.00076025252929,0.001152440090664,0.017438799142838,0.221874997019768,158.952102661133,9.71619129180908,2.61668801307678,2.71484375
9,1654127668.16148,14400,158.215133666992,0,-0.367866963148117,0.00297452067025,-0.048627000302076,0,0.000728398561478,0.000728398561478,0.020298777148128,0.234999999403954,146.204956054688,9.7168607711792,2.70683097839355,4.1162109375
10,1654127670.54444,16000,149.193069458008,0,-0.161182224750519,0.001846001134254,-0.048626609146595,0,0.000648434390314,0.000648434390314,0.01802216283977,0.221249997615814,137.072052001953,9.72228527069092,2.60669445991516,2.1162109375
11,1654127672.99679,17600,141.110717773438,0.003536585252732,0.298911601305008,0.005900393705815,-0.048626214265823,9.06249988474883E-05,0.000645971100312,0.000736596062779,0.017295360565186,0.216250002384186,128.548690795898,9.7188720703125,2.58697414398193,2.3818359375
12,1654127675.56981,19200,131.550216674805,0,-0.164840087294579,0.001460841391236,-0.048625707626343,0,0.000652383430861,0.000652383430861,0.017696242779493,0.221874997019768,119.42546081543,9.71132564544678,2.62544345855713,2.27734375
13,1654127678.05698,20800,124.430152893066,0,0.037614457309246,0.001195616554469,-0.048625200986862,0,0.000637867022306,0.000637867022306,0.017442867159844,0.221249997615814,112.095230102539,9.73062229156494,2.61411476135254,2.2724609375
14,1654127680.50831,22400,118.088584899902,0.006280487403274,0.59777182340622,0.013744329102337,-0.048624482005835,0.000160937488545,0.00077500968473,0.000935947173275,0.019532840698958,0.240624994039536,105.068809509277,9.71158409118652,2.74529933929443,4.2490234375
15,1654127683.01657,24000,110.891166687012,0.004634146112949,0.003027323633432,0.006288461387157,-0.048621993511915,0.000118750002002,0.00069561379496,0.000814363826066,0.018350906670094,0.228125005960464,98.5738983154297,9.70898818969727,2.64759159088135,4.3896484375
16,1654127686.35623,25600,104.658279418945,0.026474360376597,0.801801800727844,0.070766441524029,-0.048618175089359,0.000645312538836,0.000722432276234,0.001367744989693,0.019268468022347,0.231875002384186,91.45361328125,9.7176456451416,2.66306781768799,2.3818359375
17,1654127689.71036,27200,98.9686660766602,0.03285713866353,0.275653183460236,0.063600450754166,-0.04860981926322,0.000862499990035,0.000606939254794,0.001469439244829,0.01782918907702,0.219999998807907,86.3432922363281,9.71784114837647,2.61689066886902,2.6240234375
18,1654127693.78736,28800,92.0992965698242,0,-0.994312465190887,0.006026157643646,-0.048603627830744,0,0.000649724621326,0.000649724621326,0.019019475206733,0.235624998807907,80.6882171630859,9.71758365631104,2.73038148880005,4.0771484375
19,1654127696.99935,30400,88.3552703857422,0.015999998897314,0.336058080196381,0.043410565704107,-0.048606868833304,0.000399999989895,0.000602362153586,0.001002361997962,0.01627441495657,0.223749995231628,75.6853332519531,9.71094989776611,2.62812185287476,1.4365234375
20,1654127699.84563,32000,82.4971160888672,0.007378049194813,-0.013952400535345,0.014190433546901,-0.048599034547806,0.000189062498976,0.000620995706413,0.000810058205388,0.015504228882492,0.224374994635582,70.221061706543,9.70660400390625,2.6178092956543,3.5849609375
21,1654127702.91477,33600,78.7025833129883,0.004634146112949,-0.277221888303757,0.005108284298331,-0.048589125275612,0.000118750002002,0.000718768686056,0.000837518717162,0.019012352451682,0.234999999403954,66.6242828369141,9.7079381942749,2.69106435775757,2.796875
22,1654127705.76364,35200,74.4320449829102,0.01871794834733,0.311258882284164,0.022131150588393,-0.048587005585432,0.000456250010757,0.000762760930229,0.001219010911882,0.0185272898525,0.259375005960464,61.6090049743652,9.71140289306641,2.82683563232422,4.046875
23,1654127709.1442,36800,71.1148300170899,0.016402440145612,0.613141059875488,0.035458832979202,-0.048587765544653,0.000420312513597,0.000600909464993,0.001021221862175,0.017687490209937,0.230000004172325,58.1786270141602,9.69957733154297,2.63661003112793,3.4287109375
24,1654127712.53689,38400,67.3428039550781,0.019146339967847,0.021861111745238,0.035377811640501,-0.048570785671473,0.000490624981467,0.000805274990853,0.001295899855904,0.018514413386583,0.259375005960464,54.8045692443848,9.70632362365723,2.82323932647705,4.921875
25,1654127715.69283,40000,63.1127471923828,0,-0.950058579444885,0.00407121470198,-0.048565566539764,0,0.000575319456402,0.000575319456402,0.015953475609422,0.230625003576279,51.7425994873047,9.69675636291504,2.66794729232788,4.359375
26,1654127718.5106,41600,61.4519577026367,0.037142854183912,0.71378231048584,0.042036026716232,-0.048568151891232,0.00097499997355,0.000646401953418,0.001621401868761,0.017601888626814,0.246875002980232,48.3197975158691,9.69372463226318,2.73118591308594,2.9208984375
27,1654127722.06009,43200,57.1303176879883,0.017804877832532,-0.224811375141144,0.044304337352514,-0.048555489629507,0.000456250010757,0.00057423627004,0.001030486193486,0.015540666878224,0.226249992847443,45.0048980712891,9.70526218414307,2.64921998977661,2.40234375
28,1654127725.10329,44800,56.7752799987793,0.02926829457283,0.588911771774292,0.053725957870483,-0.048536788672209,0.000750000006519,0.000639655161649,0.001389655051753,0.016532784327865,0.238749995827675,43.7789115905762,9.71957874298096,2.68268942832947,4.25
29,1654127728.37885,46400,51.5903015136719,0,-0.712538540363312,0.004428110551089,-0.048545736819506,0,0.000549634918571,0.000549634918571,0.013692327775061,0.21875,40.0911674499512,9.69956398010254,2.55622720718384,3.421875
30,1654127731.26173,48000,51.5227851867676,0.036071427166462,0.898463845252991,0.062573134899139,-0.048536092042923,0.00094687496312,0.000721487624105,0.001668362761848,0.018026711419225,0.253749996423721,38.1357040405273,9.70456886291504,2.77000856399536,3.75
31,1654127734.14549,49600,47.7850570678711,0.010914633981884,-0.699971735477448,0.007770806085318,-0.048520293086767,0.000279687490547,0.000575007929001,0.000854695448652,0.016386395320296,0.251249998807907,36.0160903930664,9.70911407470703,2.80057334899902,3.7255859375
32,1654127737.1717,51200,47.351505279541,0.008375000208616,0.275829464197159,0.010642068460584,-0.048511423170567,0.000209375008126,0.000741699011996,0.000951074063778,0.018818788230419,0.254375010728836,34.6511497497559,9.69474601745606,2.76765155792236,2.5625
33,1654127740.18782,52800,43.8066329956055,0,-0.48674863576889,0.003090632148087,-0.048510801047087,0,0.000528555654455,0.000528555654455,0.01443362981081,0.206874996423721,32.140251159668,9.69631481170654,2.50223350524902,1.8037109375
34,1654127743.26329,54400,43.1033668518066,0.024085365235806,0.770497798919678,0.032517082989216,-0.048515565693379,0.000617187528405,0.000527372292709,0.001144559704699,0.014508244581521,0.206249997019768,30.1665782928467,9.68637561798096,2.49591541290283,4.0849609375
35,1654127746.06083,56000,41.8917007446289,0.024329267442227,0.566499590873718,0.025456300005317,-0.04850597679615,0.000623437517788,0.000582468230277,0.001205905806273,0.014676759019494,0.237499997019768,29.0316734313965,9.66516876220703,2.65140891075134,2.1875
36,1654127749.30919,57600,40.1059074401856,0.026190476492047,-0.768798470497131,0.042936898767948,-0.048447079956532,0.000687499996275,0.000585689442232,0.001273189322092,0.016604335978627,0.238749995827675,28.4458389282227,9.71274852752686,2.72163152694702,5.4677734375
37,1654127752.22489,59200,39.3008651733398,0.003717948682606,-0.23235097527504,0.004639141261578,-0.048417266458273,9.06249988474883E-05,0.000569995027035,0.000660620047711,0.015408886596561,0.230000004172325,27.2229080200195,9.70634078979492,2.64774131774902,3.6162109375
38,1654127755.34995,60800,37.2044677734375,0,-0.123607195913792,0.001277778064832,-0.048424057662487,0,0.000516708299983,0.000516708299983,0.014265334233642,0.236249998211861,25.0037803649902,9.67535018920898,2.69608926773071,3.93359375
39,1654127758.35711,62400,38.4282531738281,0.020243901759386,1.44187068939209,0.055384069681168,-0.048424001783133,0.000518749991897,0.000590739829931,0.001109489705414,0.014885272830725,0.243750005960464,24.5899600982666,9.6763916015625,2.71306896209717,3.24609375
40,1654127761.114,64000,34.8407249450684,0,-1.19849610328674,0.006255670916289,-0.048405613750219,0,0.000633595162071,0.000633595162071,0.015175435692072,0.232500001788139,23.7422752380371,9.6920690536499,2.64702653884888,4.05859375
41,1654127764.25999,65600,37.4811859130859,0.043035715818405,1.97090494632721,0.120252534747124,-0.048416700214148,0.001129687414505,0.000608549802564,0.001738237333484,0.014814699999988,0.251249998807907,23.0038299560547,9.68386363983154,2.75075316429138,4
42,1654127767.16632,67200,34.1952667236328,0.02926829084754,-0.473071932792664,0.060226768255234,-0.048337366431952,0.000749999948312,0.000518168963026,0.001268168794923,0.016488533467054,0.241249993443489,22.329044342041,9.66002559661865,2.66737580299377,2.7880859375
43,1654127770.35601,68800,33.8555107116699,0.031219512224197,-0.35729369521141,0.076478496193886,-0.048331521451473,0.00079999997979,0.00060999696143,0.001409996999428,0.01594939082861,0.254999995231628,21.7716331481934,9.64950275421143,2.76352381706238,3.5771484375
44,1654127773.13077,70400,33.4620704650879,0.055792681872845,0.809404790401459,0.088269822299481,-0.048281893134117,0.001429687486961,0.000565885915421,0.001995573285967,0.014009797945619,0.248125001788139,20.2415046691895,9.63773536682129,2.73343920707703,2.8115234375
45,1654127776.28768,72000,30.2078304290771,0,-2.94618630409241,0.023933215066791,-0.048104453831911,0,0.000598754384555,0.000598754384555,0.015881476923823,0.247500002384186,20.7731838226318,9.6699686050415,2.73503684997559,2.9130859375
46,1654127779.3868,73600,31.9656753540039,0.022195123136044,1.04968726634979,0.024268317967653,-0.048229228705168,0.000568750023376,0.000495414948091,0.001064164913259,0.012804947793484,0.211250007152557,18.7827434539795,9.64183712005615,2.51536965370178,3.30859375
47,1654127782.49412,75200,33.5175666809082,0.023812498897314,0.837636828422546,0.022711742669344,-0.048124402761459,0.000595312507357,0.000717482995242,0.001312795677222,0.016594836488366,0.252499997615814,20.2236099243164,9.67843532562256,2.80329847335815,4.3349609375
48,1654127785.64902,76800,31.1298179626465,0.039821427315474,0.471402704715729,0.089831322431564,-0.048099432140589,0.001045312499627,0.000533782003913,0.001579094678164,0.014007888734341,0.241249993443489,18.2802734375,9.66173458099365,2.67467522621155,4.375
49,1654127788.47638,78400,28.9238815307617,0.018048780038953,-1.15857481956482,0.037689570337534,-0.048079859465361,0.00046250000014,0.000542405527085,0.001004905556329,0.01349882222712,0.249375000596046,17.748462677002,9.61653327941895,2.72784948348999,4.4755859375
50,1654127791.43059,80000,30.3533706665039,0.019625000655651,0.212595701217651,0.040378533303738,-0.048054903745651,0.000490625039674,0.00052078202134,0.001011406886391,0.014416174031794,0.245625004172325,17.7953987121582,9.65450382232666,2.69854831695557,3.27734375
51,1654127794.21955,81600,29.2394924163818,0.037440475076437,0.124723508954048,0.068610437214375,-0.047994911670685,0.000982812489383,0.000524086703081,0.001506899250671,0.012113468721509,0.233750000596046,16.8553695678711,9.61331653594971,2.62546682357788,3.87109375
52,1654127797.28207,83200,29.7327880859375,0.042202383279801,0.580207467079163,0.064757846295834,-0.047878909856081,0.001107812509872,0.000586689740885,0.001694502192549,0.013497335836291,0.251249998807907,16.8507137298584,9.57279777526856,2.71219158172607,3.3662109375
53,1654127800.46202,84800,28.580602645874,0.019062500447035,-1.27288210391998,0.045000944286585,-0.047582887113094,0.000476562534459,0.000611424038652,0.001087986514904,0.014617846347392,0.265625,17.478536605835,9.57977199554443,2.79775857925415,3.7490234375
54,1654127803.34413,86400,30.9534244537353,0.049404762685299,2.17599773406982,0.098079904913902,-0.047493193298578,0.001296875067055,0.000555920065381,0.001852794899605,0.013515838421881,0.256249994039535,16.4445095062256,9.55928993225098,2.72304081916809,3.21484375
55,1654127806.25025,88000,28.1176280975342,0.049512200057507,-1.18869948387146,0.077127203345299,-0.047397058457136,0.001268749940209,0.000544761889614,0.001813511713408,0.013599616475403,0.248125001788139,17.0450000762939,9.52646064758301,2.70513677597046,4.3818359375
56,1654127809.24966,89600,26.9629173278809,0.018353657796979,-0.743240654468536,0.039536368101835,-0.04767432808876,0.000470312486868,0.000518071639817,0.00098838401027,0.012739706784487,0.237499997019768,15.5522356033325,9.53859615325928,2.6234655380249,3.125
57,1654127811.99188,91200,27.7094459533691,0.025119049474597,0.328786104917526,0.044827867299318,-0.047759711742401,0.000659375044052,0.000523544324096,0.001182919368148,0.012266458012164,0.241874992847443,15.1126718521118,9.60574817657471,2.66517281532288,4.2021484375
58,1654127815.07279,92800,28.1770172119141,0.018500000238419,-0.52284449338913,0.020674070343375,-0.047440517693758,0.00046250000014,0.000529545184691,0.000992045155726,0.013276297599077,0.233125001192093,16.4915676116943,9.62284564971924,2.61221432685852,3.2099609375
59,1654127817.85845,94400,27.6525192260742,0.014000000432134,0.619294703006744,0.029314978048205,-0.047546453773975,0.00034999998752,0.000426738261012,0.000776738277636,0.011721083894372,0.215625002980232,14.8987102508545,9.60204601287842,2.55070090293884,2.33984375
60,1654127820.94218,96000,28.1012191772461,0.031768292188645,-0.073605298995972,0.057696107774973,-0.047565959393978,0.000814062485006,0.000578981591389,0.001393044018187,0.013980052433908,0.248750001192093,15.8497428894043,9.61553859710693,2.69941234588623,2.9990234375
61,1654127823.92796,97600,27.238468170166,0.037916667759419,0.117581129074097,0.035951275378466,-0.047527134418488,0.000995312468149,0.000495420419611,0.001490733004175,0.012693439610303,0.238124996423721,14.9943504333496,9.52925205230713,2.60886096954346,2.0458984375
62,1654127826.67555,99200,27.9746875762939,0.042682927101851,0.800614833831787,0.08341034501791,-0.047325126826763,0.001093750004657,0.000539926229976,0.001633676234633,0.011951571330428,0.239374995231628,15.1061153411865,9.47245311737061,2.55941987037659,4.5
63,1654127829.57332,100800,26.0136489868164,0.025426829233766,-1.54794669151306,0.025953372940421,-0.047026686370373,0.000651562528219,0.000531387689989,0.001182950334623,0.013004172593355,0.267500013113022,15.2216157913208,9.52956676483154,2.83148646354675,2.0146484375
64,1654127833.01708,102400,28.3550586700439,0.058809518814087,1.70737552642822,0.129109412431717,-0.047149404883385,0.001543750055134,0.000559428997803,0.00210317899473,0.012712660245597,0.266874998807907,14.3313446044922,9.45132732391357,2.78305244445801,3.125
65,1654127836.08153,104000,25.8086109161377,0.040059521794319,-1.52636933326721,0.056972734630108,-0.047098949551582,0.00105156248901,0.000556346960366,0.001607909449376,0.012195081450045,0.254375010728836,15.1449193954468,9.46071815490723,2.71946930885315,3.2177734375
66,1654127839.26476,105600,26.7669277191162,0.047073170542717,0.789084851741791,0.085573740303516,-0.047293018549681,0.00120625004638,0.000462730589788,0.001668980577961,0.011612581089139,0.230000004172325,13.8729648590088,9.52264308929443,2.54395437240601,3.15234375
67,1654127842.71517,107200,27.6378154754639,0.043035715818405,-0.068379566073418,0.091813445091248,-0.046993628144264,0.00112968753092,0.000585256959312,0.001714944490232,0.013939035125077,0.280000001192093,15.3560752868652,9.4745397567749,2.83075857162476,3.1318359375
68,1654127845.63673,108800,27.3133411407471,0.048837207257748,0.081379450857639,0.100876279175282,-0.046439398080111,0.001312499982305,0.000537755957339,0.001850255881436,0.013783586211503,0.27437499165535,14.8521699905396,9.50172328948975,2.82363200187683,3.4677734375
69,1654127848.88534,110400,27.5864181518555,0.066768288612366,0.775451362133026,0.09858562797308,-0.046448890119791,0.001710937474854,0.000576332444325,0.002287269802764,0.012452164664865,0.263125002384186,14.594747543335,9.46961498260498,2.6944682598114,3.37109375
70,1654127852.27498,112000,24.5021896362305,0.032857146114111,-0.838821709156036,0.041080180555582,-0.046419285237789,0.000862500048243,0.000501914531924,0.001364414580166,0.011222242377699,0.245000004768372,13.3427543640137,9.38228130340576,2.62131404876709,3.7255859375
71,1654127855.7522,113600,26.3478393554688,0.034451216459274,0.097807012498379,0.069553062319756,-0.046366430819035,0.000882812426426,0.000529821438249,0.001412633922882,0.011987342499197,0.248750001192093,14.2456903457642,9.36631298065186,2.61484050750732,2.40234375
72,1654127858.78366,115200,28.3605575561523,0.060119051486254,0.516010642051697,0.113894820213318,-0.045726496726275,0.001578125054948,0.000588943948969,0.002167069120333,0.014008751139045,0.271250009536743,15.7011165618896,9.35133171081543,2.72392964363098,2.8427734375
73,1654127861.94709,116800,24.9623394012451,0.053154762834311,-0.704869151115418,0.07176411151886,-0.046368841081858,0.001395312603563,0.000505456700921,0.001900769304484,0.010841456241906,0.228125005960464,13.7742652893066,9.35546684265137,2.51208090782166,4.296875
74,1654127864.95562,118400,24.2767238616943,0.021812502294779,-0.280419647693634,0.024844134226441,-0.046096120029688,0.000545312475879,0.000432935397839,0.000978247844614,0.009858306497335,0.223749995231628,12.8581390380859,9.29113674163818,2.42912077903748,2.5
75,1654127868.38343,120000,25.6653308868408,0.026829268783331,0.216772168874741,0.069439999759197,-0.046138446778059,0.000687499996275,0.000433124077972,0.001120624132454,0.009843412786722,0.229375004768372,13.5224294662476,9.41936588287354,2.48346209526062,3.3125
76,1654127871.70776,121600,23.9731426239014,0.026829268783331,-0.322496235370636,0.065261259675026,-0.046046495437622,0.000687499996275,0.000445345998742,0.001132845995016,0.010515250265598,0.238124996423721,12.3086843490601,9.33799743652344,2.62974405288696,2.2802734375
77,1654127874.58506,123200,25.3766975402832,0.04243902489543,-0.346332877874374,0.051528263837099,-0.045402128249407,0.001087500015274,0.000483540381538,0.001571040134877,0.010369006544352,0.244375005364418,13.9721031188965,9.18262767791748,2.56217288970947,3.1787109375
78,1654127877.55801,124800,24.7694473266602,0.027738094329834,0.596129596233368,0.054008584469557,-0.045560766011477,0.000728124985471,0.000446573278168,0.001174698234536,0.010204963386059,0.241874992847443,12.3524112701416,9.2129545211792,2.5995044708252,3.49609375
79,1654127880.57757,126400,26.2932014465332,0.054226189851761,0.915690124034882,0.11234400421381,-0.045837510377169,0.001423437613994,0.000456272886368,0.001879710238427,0.010850830003619,0.245625004172325,13.3416805267334,9.32336139678955,2.64596104621887,4
80,1654127883.95607,128000,24.0220146179199,0.036951221525669,-1.39900982379913,0.0943903028965,-0.045201867818832,0.00094687496312,0.000569844443817,0.001516719465144,0.011610798537731,0.261875003576279,13.4478855133057,9.24957370758057,2.67437648773193,3.15234375
81,1654127887.21277,129600,26.517858505249,0.078313954174519,0.7647824883461,0.126836523413658,-0.045347936451435,0.00210468750447,0.00049757794477,0.002602265449241,0.01115769892931,0.260625004768372,13.8580617904663,9.20326614379883,2.61025881767273,3.9990234375
82,1654127891.1585,131200,24.8888034820557,0.064476743340492,-0.561991214752197,0.110070362687111,-0.044392187148333,0.001732812495902,0.000543880451005,0.002276693005115,0.011756570078433,0.259375005960464,13.7808265686035,9.01195335388184,2.59233593940735,3.6162109375
83,1654127894.54353,132800,27.0113525390625,0.091860465705395,1.7251193523407,0.151614591479301,-0.045501008629799,0.002468749880791,0.000476467452245,0.002945217536762,0.01051171682775,0.251249998807907,13.4296979904175,9.14888668060303,2.6015362739563,3.99609375
84,1654127897.62476,134400,24.3799304962158,0.052732557058334,-0.586664021015167,0.100208677351475,-0.044628862291575,0.001417187508196,0.00048685449292,0.001904042088427,0.011484869755805,0.265625,12.9628124237061,9.22596263885498,2.72223854064941,3.359375
85,1654127900.97177,136000,25.4886722564697,0.042976193130016,-0.091654427349568,0.095733694732189,-0.045230787247419,0.001128124888055,0.000444372592028,0.001572497538291,0.01031229365617,0.245000004768372,13.5848445892334,9.33421993255615,2.61075735092163,3.3115234375
86,1654127905.12923,137600,22.202091217041,0.025499999523163,-1.11311876773834,0.035134818404913,-0.044906072318554,0.000637499964796,0.000373321585357,0.001010821666569,0.008777728304267,0.214375004172325,11.6996593475342,9.22057628631592,2.40474605560303,4.25
87,1654127908.83991,139200,26.0782146453857,0.067790694534779,0.449965566396713,0.077647373080254,-0.04464628174901,0.001821874990128,0.000465713266749,0.002287588315085,0.011352325789631,0.254375010728836,13.8800668716431,9.12956619262695,2.58561563491821,3.9833984375
88,1654127912.23938,140800,26.096830368042,0.10779070109129,2.35553669929504,0.201073423027992,-0.044519998133183,0.002896874910221,0.00044810079271,0.003344975644723,0.009802466258407,0.255625009536743,12.1247100830078,8.96804809570313,2.49198222160339,1.62109375
89,1654127915.19252,142400,23.6256351470947,0.06395348906517,-1.7886803150177,0.097693093121052,-0.043912909924984,0.001718749990687,0.000459935865365,0.002178685739636,0.009679516777396,0.234999999403954,13.8909044265747,8.93476009368897,2.53487229347229,1.58984375
90,1654127918.4346,144000,24.0649375915527,0.067093029618263,0.304992407560348,0.122752793133259,-0.04495881870389,0.001803125021979,0.000462271040305,0.002265396062285,0.010148911736906,0.246250003576279,12.1458234786987,8.98911380767822,2.54721522331238,1.40234375
91,1654127921.65701,145600,25.7999687194824,0.09784884005785,0.160574108362198,0.155076146125793,-0.04487906768918,0.002629687543958,0.000431429216405,0.003061116673052,0.011234128847718,0.259375005960464,13.7590894699097,9.14746475219727,2.62264347076416,1.58984375
92,1654127925.09027,147200,24.8582935333252,0.106079533696175,0.067925982177258,0.135688424110413,-0.043997775763273,0.002917187521234,0.000497202796396,0.003414390143007,0.011412523686886,0.241249993443489,13.0857238769531,9.18472099304199,2.42823266983032,3.3818359375
93,1654127928.2652,148800,23.5035743713379,0.049593020230532,-0.921022713184357,0.095935851335526,-0.044742796570063,0.001332812476903,0.000396874471335,0.001729686860926,0.009595676325262,0.234375,12.9263687133789,8.97785186767578,2.46918225288391,0.9990234375
94,1654127931.6689,150400,23.5691604614258,0.071437500417233,0.413892477750778,0.106144562363625,-0.04438217356801,0.001785937696695,0.000431163236499,0.002217100700364,0.010807683691382,0.237499997019768,11.6515979766846,9.0049352645874,2.43697261810303,0.9912109375
95,1654127934.69371,152000,23.3162937164307,0.040174417197704,-1.26528799533844,0.055755496025086,-0.04376669973135,0.001079687499441,0.000473740918096,0.00155342835933,0.0096375355497,0.245625004172325,13.0406579971313,8.95703792572022,2.57189774513245,2.02734375
96,1654127937.98317,153600,23.2940444946289,0.033658538013697,0.070593908429146,0.060488123446703,-0.044395193457604,0.000862499990035,0.000421626493335,0.001284126541577,0.009825270622969,0.243750005960464,11.6763257980347,8.98252677917481,2.54850387573242,2.68359375
97,1654127941.03349,155200,27.0110969543457,0.10460226982832,1.38160061836243,0.211719125509262,-0.044020086526871,0.002876562532038,0.000489166239277,0.003365728771314,0.010963424108923,0.25,13.9285354614258,9.01868152618408,2.51458048820496,4.02734375
98,1654127944.77277,156800,22.9030799865723,0.028170730918646,-0.495221823453903,0.068748384714127,-0.04386768117547,0.000721874996088,0.000471096631372,0.001192971598357,0.011056722141802,0.249375000596046,12.0249328613281,8.85225963592529,2.49622797966003,1.796875
99,1654127947.77265,158400,24.8263607025146,0.069941855967045,-0.183763280510902,0.085639730095863,-0.044169016182423,0.001879687653854,0.000416380004026,0.002296067541465,0.010523105040193,0.245000004768372,13.4604082107544,9.0294828414917,2.47876191139221,3.9375
100,1654127951.27676,160000,24.8132514953613,0.047023810446262,0.007237591315061,0.101065896451473,-0.043256051838398,0.001234375056811,0.000474661297631,0.001709036412649,0.011155299842358,0.25687500834465,13.1456842422485,8.96437644958496,2.63814425468445,3.0625
101,1654127954.21881,161600,23.4169006347656,0.051463410258293,0.058510940521956,0.080833189189434,-0.044332440942526,0.001318749971688,0.000392313522752,0.001711063436233,0.008469363674521,0.209999993443489,12.0876207351685,8.8911714553833,2.34309697151184,2.546875
102,1654127957.1379,163200,22.4904270172119,0.049166668206453,0.374913543462753,0.09244979172945,-0.044406931847334,0.001290625077672,0.000405016879085,0.00169564189855,0.008297187276185,0.218125000596046,10.6972217559814,8.96965503692627,2.40059399604797,4.8427734375
103,1654127960.71493,164800,25.8071022033691,0.116576083004475,1.6854852437973,0.193673744797707,-0.043563935905695,0.003351562656462,0.000414499110775,0.003766061272472,0.010215886868537,0.243750005960464,12.6039028167725,8.94564723968506,2.42195749282837,1.6708984375
104,1654127963.67385,166400,22.4471282958984,0.055812500417233,-0.704571783542633,0.112337425351143,-0.043405778706074,0.001395312603563,0.000440142379375,0.001835454953834,0.010128783993423,0.231875002384186,11.7332983016968,8.88600730895996,2.46346354484558,4.1083984375
105,1654127966.78294,168000,23.6482734680176,0.079545453190804,-0.426062822341919,0.103150852024555,-0.043789133429527,0.002187500009313,0.000428516825195,0.002616016659886,0.009938451461494,0.244375005364418,12.7286434173584,8.80358028411865,2.48275065422058,2.1865234375
106,1654127969.73142,169600,25.3233070373535,0.133388891816139,2.22723507881165,0.221616834402084,-0.0438531935215,0.003751562442631,0.000435064372141,0.004186626523733,0.009882867336273,0.231250002980232,11.6795434951782,8.88543033599854,2.35333371162415,2.33984375
107,1654127972.73568,171200,21.6914005279541,0.020124999806285,-1.75829744338989,0.039403308182955,-0.044169560074806,0.000503124960233,0.00039793481119,0.00090105982963,0.009260582737625,0.249375000596046,11.9381723403931,8.94482135772705,2.57147026062012,1.62109375
108,1654127975.84589,172800,22.7857360839844,0.045872088521719,-0.041661106050015,0.086752735078335,-0.043659217655659,0.001232812530361,0.000483532669023,0.001716345082968,0.009849074296653,0.240624994039536,11.5017557144165,8.88827514648438,2.39427137374878,1.99609375
109,1654127978.89253,174400,24.4205303192139,0.080975614488125,0.474846243858337,0.12297872453928,-0.043941948562861,0.002075000200421,0.000414013629779,0.0024890138302,0.009668864309788,0.224999994039536,12.5089111328125,8.95886707305908,2.39887022972107,3.7568359375
110,1654127982.11606,176000,23.3205013275146,0.0625,-0.457764059305191,0.140706747770309,-0.043376334011555,0.001718749990687,0.000499993388075,0.002218743320555,0.010892208665609,0.256249994039535,12.1283397674561,8.95349884033203,2.59909582138062,3.9677734375
111,1654127985.04463,177600,25.6214294433594,0.100697681307793,1.44023191928864,0.156508907675743,-0.043925646692515,0.002706249943003,0.000483360548969,0.00318961055018,0.010603313334286,0.267500013113022,12.7089014053345,8.8452787399292,2.51443433761597,3.75
112,1654127988.02999,179200,21.4766712188721,0.035304877907038,-1.19902670383453,0.080562070012093,-0.044137958437204,0.000904687505681,0.000421162112616,0.001325849560089,0.009285612031817,0.231875002384186,11.1455335617065,9.00450038909912,2.48923993110657,2.625
113,1654127990.83714,180800,22.1901435852051,0.043035715818405,-0.791398108005524,0.07731468975544,-0.044344041496515,0.00112968753092,0.000423246237915,0.001552933710627,0.008632900193334,0.236874997615814,11.3847999572754,9.03703880310059,2.52673244476318,4.0693359375
114,1654127994.41954,182400,21.5998592376709,0.077784091234207,-0.711470186710358,0.089485123753548,-0.044289138168097,0.002139062387869,0.000359137891792,0.002498200396076,0.009219750761986,0.234999999403954,10.9346828460693,8.92284679412842,2.40860342979431,2.3271484375
115,1654127997.1356,184000,25.0044536590576,0.098372094333172,0.648486435413361,0.163102716207504,-0.043823979794979,0.002643750049174,0.000458427442936,0.003102177288383,0.009789449162781,0.235624998807907,12.8549613952637,8.92220497131348,2.45952224731445,2.4375
116,1654128000.21144,185600,23.860330581665,0.076964281499386,0.897024989128113,0.158451303839684,-0.043674420565367,0.002020312473178,0.00048069038894,0.002501003211364,0.010181308723986,0.258125007152557,11.4473066329956,8.88840198516846,2.5128185749054,3.3662109375
117,1654128003.11064,187200,24.9054908752441,0.074127905070782,0.79313600063324,0.147163882851601,-0.043921157717705,0.001992187462747,0.000434374524048,0.002426561899483,0.010220515541732,0.258125007152557,12.421498298645,9.01046276092529,2.57715320587158,3.80859375
118,1654128006.04256,188800,20.7042083740234,0.054226193577051,-1.43894958496094,0.042117737233639,-0.044316921383143,0.001423437613994,0.000367463537259,0.001790901180357,0.008919925428927,0.224999994039536,10.8486852645874,8.88530254364014,2.41136837005615,3.1083984375
119,1654128008.8918,190400,23.3231067657471,0.082159094512463,0.086652778089047,0.143948897719383,-0.044555492699146,0.002259374829009,0.000422706070822,0.002682081190869,0.009581756778061,0.232500001788139,11.7316904067993,8.96336269378662,2.44200706481934,4.62109375
120,1654128011.97192,192000,22.2035961151123,0.09823863953352,0.18270118534565,0.163638576865196,-0.044318862259388,0.002701562596485,0.000368443492334,0.003070005681366,0.008522170595825,0.21875,10.7166967391968,8.81257343292236,2.37230515480041,2.6162109375
121,1654128015.07089,193600,23.1453800201416,0.087441861629486,0.436455875635147,0.139563381671906,-0.044515211135149,0.0023499999661,0.000402965699323,0.002752965781838,0.00865176692605,0.231875002384186,11.3705253601074,8.84690380096436,2.39644885063171,3.421875
122,1654128018.42413,195200,21.8336772918701,0.050178568810225,-0.077348880469799,0.080293774604797,-0.044949911534786,0.001317187561654,0.000451497384347,0.001768684946001,0.009312009438872,0.253749996423721,10.444408416748,8.92455196380615,2.50672221183777,3.6787109375
123,1654128021.9124,196800,22.5977687835693,0.06395348161459,-0.661284446716309,0.139719471335411,-0.044068064540625,0.001718749990687,0.000383138103643,0.002101887948811,0.009085320867598,0.248125001788139,11.7133226394653,8.92410755157471,2.52597212791443,2.2802734375
124,1654128024.69487,198400,22.4992733001709,0.061890240758658,-0.494298934936523,0.136466711759567,-0.044101186096668,0.001585937454365,0.000410702225054,0.001996639883146,0.009370939806104,0.243125006556511,11.4445915222168,8.92435646057129,2.53225922584534,2.2802734375
