# _tick,_time,frames,total_loss,mean_episode_return,pg_loss,baseline_loss,entropy_loss,mean_rewards,mean_intrinsic_rewards,mean_total_rewards,mean_control_rewards,mean_count_rewards,forward_dynamics_loss,inverse_dynamics_loss,batch_action_variance
0,1654504423.46024,0,734.117126464844,0,6.31151294708252,0.048535767942667,-0.097284153103829,0,0.000908075890038,0.000908075890038,0.017195863649249,0.389837831258774,708.396606445313,19.4577541351318,2.49609375
1,1654504428.17493,3200,579.68994140625,0.031944442540407,-53.8774337768555,3.95883750915527,-0.097212165594101,0.000119791664474,0.00100228365045,0.001122075365856,0.017726309597492,0.436268031597138,610.245422363281,19.4603366851807,4.8115234375
2,1654504433.13123,6400,569.343200683594,0.093888886272907,2.23707032203674,0.121281236410141,-0.097222946584225,0.000352083327016,0.00103232532274,0.001384408795275,0.019357090815902,0.413873851299286,547.623413085938,19.4586906433105,4.1162109375
3,1654504438.36088,9600,518.39404296875,0,-0.371544569730759,0.023228535428643,-0.097205340862274,0,0.001008083228953,0.001008083228953,0.01795656234026,0.433897823095322,499.386657714844,19.4529247283936,4.8896484375
4,1654504443.06366,12800,477.875183105469,0,0.923230171203613,0.026482226327062,-0.097202874720097,0,0.001082250382751,0.001082250382751,0.018291933462024,0.449094742536545,457.571258544922,19.4514122009277,3.40234375
5,1654504448.82705,16000,437.950164794922,0,-1.88575267791748,0.025576302781701,-0.097198262810707,0,0.000840691616759,0.000840691616759,0.016530077904463,0.38382488489151,420.457885742188,19.4496593475342,4.8427734375
6,1654504453.08982,19200,410.974853515625,0.04333333298564,2.42725372314453,0.064082846045494,-0.097185462713242,0.000176041663508,0.001139594591223,0.001315636211075,0.021189622581005,0.427362561225891,389.1376953125,19.4429779052734,4.0693359375
7,1654504458.35611,22400,378.213623046875,0.043030302971602,-0.503804326057434,0.058922484517098,-0.097164630889893,0.000147916667629,0.000973208923824,0.001121125649661,0.018560312688351,0.399980366230011,359.308624267578,19.4470520019531,3.30859375
8,1654504463.20034,25600,351.897094726562,0,-0.10447908192873,0.022365218028426,-0.097154386341572,0,0.001028204103932,0.001028204103932,0.019287746399641,0.431839525699616,332.636871337891,19.4394931793213,4.3427734375
9,1654504468.04044,28800,332.614349365234,0.093333333730698,2.77718424797058,0.054746475070715,-0.097129240632057,0.000349999958416,0.001168892369606,0.001518892473541,0.019425360485911,0.459967195987701,310.446502685547,19.4330425262451,2.9521484375
10,1654504472.74924,32000,303.865692138672,0.009743589907885,-4.51463270187378,0.050000514835119,-0.097106955945492,3.95833340007812E-05,0.000901729334146,0.000941312639043,0.017391126602888,0.396707385778427,288.976104736328,19.4513282775879,3.93359375
11,1654504477.31672,35200,290.4326171875,0,1.30411458015442,0.017728811129928,-0.097083754837513,0,0.00093766185455,0.00093766185455,0.017188083380461,0.427370220422745,269.788269042969,19.4195957183838,1.6787109375
12,1654504481.86602,38400,276.777709960938,0.062777779996395,2.95204496383667,0.070333555340767,-0.097075074911118,0.000235416664509,0.001139419153333,0.001374835963361,0.020477121695876,0.430764377117157,254.43147277832,19.4209156036377,2.7021484375
13,1654504486.6715,41600,252.600128173828,0,-2.67290186882019,0.040344770997763,-0.09703966230154,0,0.000931581424084,0.000931581424084,0.017047010362148,0.428556948900223,235.897750854492,19.4319705963135,4.5615234375
14,1654504491.20771,44800,242.438552856445,0.012777778320015,0.272783666849136,0.031814482063055,-0.097008734941483,4.7916666517267E-05,0.001045634038746,0.001093550818041,0.018805455416441,0.432634949684143,222.797576904297,19.433385848999,3.859375
15,1654504496.12491,48000,228.60791015625,0.025277778506279,0.230040103197098,0.042640287429094,-0.097022473812103,9.47916705626994E-05,0.000964500068221,0.001059291767888,0.017641225829721,0.426159262657165,208.99674987793,19.4354991912842,2.08984375
16,1654504500.87625,51200,214.938522338867,0.013333332724869,-0.454581469297409,0.022026371210814,-0.096989370882511,4.99999987368938E-05,0.000949617533479,0.000999617623165,0.017530655488372,0.422164410352707,196.034408569336,19.4336490631104,2.2646484375
17,1654504505.553,54400,201.977569580078,0,-1.79750311374664,0.021119743585587,-0.097010806202889,0,0.000741084280889,0.000741084280889,0.015979837626219,0.366452574729919,184.4267578125,19.4242038726807,2.9521484375
18,1654504510.25113,57600,192.072235107422,0,0.426074862480164,0.01637065410614,-0.096966728568077,0,0.000806608994026,0.000806608994026,0.016673494130373,0.383469700813294,172.266250610352,19.4605083465576,5.234375
19,1654504515.03289,60800,182.590393066406,0.057222221046686,0.7541583776474,0.028843425214291,-0.096975192427635,0.000214583327761,0.000917053839657,0.00113163725473,0.017593687400222,0.409929394721985,162.492904663086,19.4114685058594,2.9287109375
20,1654504519.7518,64000,169.029205322266,0,-0.943510293960571,0.016898075118661,-0.096974425017834,0,0.000791150610894,0.000791150610894,0.01541150547564,0.395731240510941,150.636627197266,19.4161682128906,4.4677734375
21,1654504524.52859,67200,162.578598022461,0,0.745433330535889,0.011935971677303,-0.096978507936001,0,0.000813597580418,0.000813597580418,0.016642462462187,0.40066185593605,142.512786865234,19.4054298400879,4.12109375
22,1654504529.89147,70400,151.359588623047,0,-0.667273879051209,0.015630725771189,-0.096959419548512,0,0.00083959416952,0.00083959416952,0.016921969130635,0.395605206489563,132.725891113281,19.3822994232178,3.3271484375
23,1654504535.08123,73600,144.613494873047,0.016388889402151,0.873941957950592,0.020414631813765,-0.096961103379726,6.14583332207985E-05,0.000844965572469,0.000906423898414,0.014764833264053,0.421879231929779,124.409210205078,19.4068870544434,3.5537109375
24,1654504540.36239,76800,135.675842285156,0,0.483321875333786,0.019430555403233,-0.096927516162396,0,0.000898545666132,0.000898545666132,0.017696924507618,0.414214104413986,115.89720916748,19.372802734375,3.80859375
25,1654504545.71661,80000,128.426574707031,0.044722225517035,-0.083558686077595,0.086038909852505,-0.096933655440807,0.000167708334629,0.000737573660444,0.000905281980522,0.015872897580266,0.359931945800781,109.163696289063,19.3573322296143,3.33984375
26,1654504551.03621,83200,122.903999328613,0,0.47386422753334,0.025893477723003,-0.096880920231342,0,0.000951926922426,0.000951926922426,0.017059728503227,0.437323421239853,103.100555419922,19.4005641937256,4.2021484375
27,1654504556.7084,86400,114.408630371094,0,-1.40326416492462,0.02014541067183,-0.09688276797533,0,0.000785587122664,0.000785587122664,0.016588559374213,0.388482809066772,96.5089416503906,19.3796901702881,4.6005859375
28,1654504562.28935,89600,111.144523620605,0.035151515156031,1.52555060386658,0.033883273601532,-0.096859328448773,0.000120833326946,0.000819180102553,0.000940013444051,0.016115956008434,0.396048903465271,90.2980041503906,19.3839416503906,3.1708984375
29,1654504567.97108,92800,104.656387329102,0.024444444105029,0.794924318790436,0.02536634542048,-0.096886940300465,9.16666613193229E-05,0.000923083745874,0.001014750334434,0.015951866284013,0.445510417222977,84.563835144043,19.3691463470459,2.8818359375
30,1654504573.79859,96000,97.1972198486328,0.034358974546194,-1.75862526893616,0.040974669158459,-0.096879810094833,0.000139583324199,0.000890065799467,0.001029649167322,0.016770483925939,0.421679586172104,79.6246948242188,19.3870525360107,3.359375
31,1654504578.97003,99200,94.1965026855469,0,-0.917692959308624,0.014860320836306,-0.096876420080662,0,0.000708083854988,0.000708083854988,0.015442736446858,0.376346886157989,75.7791748046875,19.4170379638672,5.0625
32,1654504584.96313,102400,89.6319351196289,0,1.177854180336,0.018326679244638,-0.096871830523014,0,0.000809922814369,0.000809922814369,0.015441629104316,0.415180712938309,69.1775131225586,19.3551082611084,3.7333984375
33,1654504590.40798,105600,85.8076324462891,0.012500000186265,0.029420224949718,0.017647413536906,-0.096819959580898,4.68750004074536E-05,0.000844605558086,0.000891480594873,0.016543466597796,0.402709186077118,66.5162506103516,19.3411350250244,4.375
34,1654504596.06976,108800,85.5442733764648,0.058461539447308,2.13568997383118,0.072552472352982,-0.096781820058823,0.000237500004005,0.000955494935624,0.001192994881421,0.017588466405869,0.435181349515915,64.0576629638672,19.3751544952393,4.0380859375
35,1654504601.71497,112000,77.5871047973633,0,-2.24716377258301,0.034134712070227,-0.096751600503922,0,0.000914978096262,0.000914978096262,0.017634116113186,0.425932914018631,60.5432891845703,19.3535976409912,4.65234375
36,1654504607.70399,115200,74.5846633911133,0.040277775377035,0.175912380218506,0.033488087356091,-0.096743248403072,0.00015104166232,0.000878583174199,0.001029624836519,0.015561745502055,0.427527546882629,55.1312980651855,19.3407115936279,4.3974609375
37,1654504613.01404,118400,74.2439193725586,0.045641023665667,0.91130805015564,0.099624745547772,-0.096718594431877,0.000185416662134,0.000815135834273,0.0010005524382,0.016097407788038,0.409487843513489,54.0261688232422,19.3035335540771,4.6787109375
38,1654504618.4737,121600,71.8406829833984,0,0.368485033512115,0.023677263408899,-0.09666357934475,0,0.000975130649749,0.000975130649749,0.017138242721558,0.452219039201736,52.149055480957,19.3961315155029,3.7958984375
39,1654504623.84561,124800,71.1515960693359,0.069230765104294,0.396662205457687,0.075085110962391,-0.096581056714058,0.000281249987893,0.001059116329998,0.001340366317891,0.018392058089376,0.461325943470001,51.4618530273438,19.3145771026611,4.9599609375
40,1654504629.75261,128000,66.5349655151367,0.023055555298925,-0.218124210834503,0.030734464526177,-0.096502259373665,8.64583344082348E-05,0.001029195962474,0.001115654362366,0.018160020932555,0.454310029745102,47.5140686035156,19.3047904968262,3.71484375
41,1654504636.42325,131200,67.2962646484375,0.084615379571915,1.2401123046875,0.128733053803444,-0.096493825316429,0.000343749969034,0.000964250124525,0.001308000064455,0.01758792437613,0.436689376831055,46.7492713928223,19.2746410369873,2.99609375
42,1654504641.87687,134400,60.3051071166992,0.024722220376134,-2.1648154258728,0.030363004654646,-0.096470892429352,9.27083310671151E-05,0.000922551029362,0.001015259302221,0.017087420448661,0.437093883752823,43.2415046691895,19.2945232391357,4.43359375
43,1654504647.6978,137600,64.265251159668,0,-0.083340629935265,0.020013827830553,-0.096364103257656,0,0.000913246185519,0.000913246185519,0.017116256058216,0.438153147697449,45.0717010498047,19.3532409667969,4.43359375
44,1654504653.60302,140800,60.3002624511719,0.010277777910233,-0.45338448882103,0.016300641000271,-0.09631272405386,3.85416678909678E-05,0.00086429429939,0.000902836036403,0.016543591395021,0.428002625703812,41.4891090393066,19.3445510864258,3.4443359375
45,1654504659.51062,144000,61.7961349487305,0,-0.000545176211745,0.022222643718124,-0.096291869878769,0,0.000851701654028,0.000851701654028,0.016566395759583,0.411730051040649,42.5104293823242,19.3603229522705,3.234375
46,1654504665.49396,147200,56.6737899780273,0,-0.78448098897934,0.016535883769393,-0.096274867653847,0,0.000719479168765,0.000719479168765,0.015337011776865,0.383005023002625,38.2019653320312,19.3360443115234,1.8505859375
47,1654504671.04869,150400,60.7815628051758,0.035555556416512,1.82328653335571,0.03071522898972,-0.096190877258778,0.000133333334816,0.000921034021303,0.001054367283359,0.016906531527639,0.447333037853241,39.7768745422363,19.2468776702881,3.6630859375
48,1654504676.72801,153600,56.5687255859375,0.015454545617104,-0.366779416799545,0.019886337220669,-0.096131756901741,5.31250007043127E-05,0.000880615785718,0.000933740811888,0.016831651329994,0.427389234304428,37.7398986816406,19.2718505859375,1.87109375
49,1654504682.24582,156800,57.9011001586914,0,-0.335034251213074,0.020936820656061,-0.096155129373074,0,0.000923523388337,0.000923523388337,0.016866445541382,0.441863507032394,39.0094757080078,19.3018779754639,2.96484375
50,1654504687.68534,160000,55.6733856201172,0,0.045202773064375,0.017425142228603,-0.096182063221932,0,0.000856699189171,0.000856699189171,0.016793267801404,0.418873012065887,36.4387321472168,19.2682075500488,3.296875
51,1654504693.86002,163200,58.0295639038086,0.031944442540407,1.55671036243439,0.044395245611668,-0.096087664365769,0.000119791664474,0.000913911033422,0.001033702632412,0.016462337225676,0.44188979268074,37.2696914672852,19.2548561096191,3.7646484375
52,1654504699.90456,166400,52.9539794921875,0,-2.58979916572571,0.027048852294684,-0.096127428114414,0,0.000878384860698,0.000878384860698,0.017652140930295,0.425660014152527,36.3454513549805,19.2674045562744,4.24609375
53,1654504705.31148,169600,54.8479843139648,0,0.345374405384064,0.010695786215365,-0.096168972551823,0,0.000761335657444,0.000761335657444,0.01661341637373,0.384129166603088,35.410400390625,19.1776790618896,4.5537109375
54,1654504711.05728,172800,53.9515609741211,0.013333332724869,0.402820855379105,0.016459861770272,-0.096089385449886,4.99999987368938E-05,0.000807267671917,0.00085726758698,0.01692795008421,0.397216707468033,34.4048843383789,19.2234859466553,4.55859375
55,1654504716.62271,176000,59.067497253418,0.06305555254221,2.15348625183105,0.061442226171494,-0.095929332077503,0.000236458334257,0.000988560728729,0.001225019106641,0.017895434051752,0.453006744384766,37.6431541442871,19.3053417205811,4.6240234375
56,1654504722.50898,179200,52.4533309936524,0.034358974546194,-1.9035519361496,0.06248989328742,-0.095827259123325,0.000139583324199,0.00088363327086,0.001023216638714,0.017395805567503,0.421536564826965,35.171215057373,19.2190074920654,3.2333984375
57,1654504728.12382,182400,56.5972137451172,0.040277775377035,1.14094364643097,0.056345395743847,-0.095832228660584,0.00015104166232,0.00080868974328,0.000959731405601,0.016745157539845,0.396509289741516,36.2627868652344,19.2329692840576,3.37109375
58,1654504734.6308,185600,53.0787124633789,0,-0.592731535434723,0.032795965671539,-0.095757141709328,0,0.000993841327727,0.000993841327727,0.018101252615452,0.465215265750885,34.6540031433105,19.0804042816162,5.52734375
59,1654504739.97308,188800,58.4456977844238,0.061666667461395,2.16115617752075,0.041694015264511,-0.095779918134213,0.00023125000007,0.001006773207337,0.001238023163751,0.018179146572948,0.464612871408462,37.1237411499023,19.2148857116699,4.171875
60,1654504745.67901,192000,52.0979537963867,0.048611108213663,-0.727976381778717,0.096340283751488,-0.095767952501774,0.000182291667443,0.000918968755286,0.001101260422729,0.017155155539513,0.442770540714264,33.6401710510254,19.1851863861084,4.4375
61,1654504752.09017,195200,52.783374786377,0.008611110970378,-2.12901043891907,0.026350179687142,-0.095896922051907,3.22916675941087E-05,0.00087309704395,0.000905388675164,0.017031587660313,0.431298524141312,35.7124176025391,19.2695159912109,0.74609375
62,1654504757.956,198400,53.8098907470703,0.046923078596592,1.66540813446045,0.034547336399555,-0.095858387649059,0.000190625010873,0.000921862374526,0.001112487283535,0.017197733744979,0.445135980844498,33.0171012878418,19.1886940002441,2.5
63,1654504763.26363,201600,54.0997161865234,0.020909091457725,-0.371578931808472,0.035804107785225,-0.095836661756039,7.18750015948899E-05,0.000946882821154,0.001018757815473,0.018198423087597,0.428923636674881,35.3531494140625,19.1781749725342,4.21484375
64,1654504769.70996,204800,52.9846572875977,0.038611114025116,0.589544951915741,0.032517552375794,-0.095874466001988,0.000144791672938,0.001037315698341,0.001182107371278,0.017542636021972,0.476506501436233,33.3790473937988,19.0794200897217,2.7255859375
65,1654504775.09837,208000,50.0268249511719,0,-1.58288216590881,0.025525689125061,-0.095957778394222,0,0.00080049096141,0.00080049096141,0.015298949554563,0.430543184280396,32.4875106811523,19.1926288604736,4.02734375
66,1654504780.83881,211200,50.7766647338867,0,-0.370204538106918,0.01583187840879,-0.09584403783083,0,0.000804203213193,0.000804203213193,0.016456019133329,0.405470758676529,32.0505638122559,19.1763153076172,4.4599609375
67,1654504786.14739,214400,53.600456237793,0.014722221530974,0.371250033378601,0.016848834231496,-0.09580884128809,5.52083329239395E-05,0.00082433706848,0.000879545463249,0.016242228448391,0.421353697776794,34.115837097168,19.1923313140869,4.46484375
68,1654504792.00453,217600,54.0749664306641,0.02166666649282,1.36394083499908,0.0383665189147,-0.095782428979874,8.12500002211891E-05,0.000971921894234,0.001053171930835,0.017115514725447,0.459343373775482,33.5662841796875,19.2021541595459,4.93359375
69,1654504798.47719,220800,52.6119842529297,0,-0.711693108081818,0.024784794077277,-0.095754899084568,0,0.00097650900716,0.00097650900716,0.01774706877768,0.454388856887817,34.3202590942383,19.0743846893311,4.2490234375
70,1654504803.79825,224000,48.3161849975586,0.010277777910233,-0.905131936073303,0.017924604937434,-0.095833763480187,3.85416678909678E-05,0.000731561798602,0.0007701034192,0.014338162727654,0.420607298612595,30.0334014892578,19.2658271789551,4.4755859375
71,1654504809.70491,227200,51.9302520751953,0,0.690274357795715,0.01659176312387,-0.095749005675316,0,0.000816823972855,0.000816823972855,0.016015652567148,0.415740579366684,32.2114105224609,19.1077213287354,4.5615234375
72,1654504815.45466,230400,51.3436050415039,0.045000001788139,0.450286775827408,0.036096330732107,-0.095733478665352,0.000168750004377,0.000953371694777,0.001122121699154,0.017510451376438,0.448750227689743,31.8209285736084,19.1320247650146,3.421875
73,1654504821.98812,233600,49.5258102416992,0,-1.15581619739532,0.022631024941802,-0.095751956105232,0,0.000824281654786,0.000824281654786,0.015637131407857,0.420042455196381,31.6288547515869,19.1258926391602,1.9833984375
74,1654504828.0673,236800,51.1201477050781,0,0.677948832511902,0.013896189630032,-0.095635533332825,0,0.000849454780109,0.000849454780109,0.016170693561435,0.442306756973267,31.3018188476562,19.2221183776855,2.1865234375
75,1654504835.0895,240000,52.6841850280762,0.046388890594244,1.08500111103058,0.098712220788002,-0.095640517771244,0.000173958338564,0.000805196701549,0.000979154952802,0.016189552843571,0.425380110740662,32.4945487976074,19.1015625,2.9755859375
76,1654504841.94132,243200,51.1071548461914,0.094615384936333,0.717079341411591,0.098016239702702,-0.095762498676777,0.000384375016438,0.000859141291585,0.001243516337127,0.016209544613957,0.442211270332336,31.1748313903809,19.2129878997803,3.484375
77,1654504848.63504,246400,48.278678894043,0,-3.46055507659912,0.032285459339619,-0.095670223236084,0,0.000766721204855,0.000766721204855,0.016174441203475,0.400529950857163,32.6149215698242,19.1876983642578,3.8115234375
78,1654504856.09118,249600,51.0414733886719,0,2.28508520126343,0.016092840582132,-0.095699302852154,0,0.000864004774485,0.000864004774485,0.016722140833736,0.43378484249115,29.764720916748,19.0712757110596,3.625
79,1654504862.56038,252800,52.0313186645508,0.026666667312384,0.385610818862915,0.041347421705723,-0.09553200006485,0.000108333333628,0.000872104486916,0.000980437733233,0.01583681628108,0.454559475183487,32.5473098754883,19.1525859832764,3.8505859375
80,1654504869.45951,256000,46.9994239807129,0.015128205530346,-1.61688649654388,0.022309927269816,-0.095516912639141,6.14583332207985E-05,0.000779201101977,0.000840659427922,0.014756157062948,0.421141177415848,29.5107936859131,19.1787242889404,3.5302734375
81,1654504876.28145,259200,50.5903625488281,0,0.039364568889141,0.01318227685988,-0.095462672412396,0,0.000765028467868,0.000765028467868,0.014944266527891,0.418741196393967,31.4480247497559,19.1852531433105,3.859375
82,1654504883.46232,262400,50.352294921875,0,1.16398000717163,0.016586720943451,-0.095387682318688,0,0.000932001450565,0.000932001450565,0.017041953280568,0.454504549503326,30.0971813201904,19.1699371337891,3.109375
83,1654504890.28158,265600,51.5024871826172,0.038461539894343,0.12183927744627,0.03538977727294,-0.095221824944019,0.000156249996508,0.00084553018678,0.001001780154184,0.015523818321526,0.440145373344421,32.283863067627,19.1566181182861,4.24609375
84,1654504896.73405,268800,46.0175247192383,0.027222221717239,-1.36236763000488,0.032581929117441,-0.095276392996311,0.000102083329693,0.000725902442355,0.000827985873912,0.01603389158845,0.392280668020248,28.5099582672119,18.9326286315918,2.3115234375
85,1654504903.72369,272000,51.4180221557617,0,-0.046450983732939,0.015331849455834,-0.095326498150826,0,0.000765336910263,0.000765336910263,0.016196005046368,0.412793338298798,32.4062004089355,19.1382656097412,1.99609375
86,1654504910.59887,275200,49.2439193725586,0,0.671295762062073,0.011326564475894,-0.095235005021095,0,0.00080282142153,0.00080282142153,0.015775840729475,0.426914513111115,29.5646018981934,19.0919322967529,4.43359375
87,1654504918.02633,278400,51.3664207458496,0.012307692319155,0.005482546519488,0.021860711276531,-0.095033250749111,4.99999987368938E-05,0.000841239001602,0.000891239033081,0.015758164227009,0.435725629329681,32.3099060058594,19.1242065429687,3.18359375
88,1654504924.96093,281600,50.8470993041992,0.079444445669651,2.71611905097961,0.107194848358631,-0.095102973282337,0.000297916674754,0.000861639389768,0.001159555860795,0.01634487323463,0.447015523910522,29.1207237243652,18.9981670379639,4.734375
89,1654504931.81788,284800,47.2113571166992,0.036388888955116,-3.28749966621399,0.056926306337118,-0.095176935195923,0.000136458329507,0.000797176966444,0.000933635281399,0.016031045466662,0.424571722745895,31.4425868988037,19.0945205688477,3.9521484375
90,1654504938.70041,288000,48.2902679443359,0,0.593788087368012,0.015272866934538,-0.095097474753857,0,0.00082868267782,0.00082868267782,0.016163371503353,0.43831130862236,28.8240127563477,18.9522933959961,4.7255859375
91,1654504946.27671,291200,49.2348403930664,0,-0.144567042589188,0.015975100919604,-0.095122613012791,0,0.000770462153014,0.000770462153014,0.016009526327252,0.414728611707687,30.4885387420654,18.9700164794922,6.1318359375
92,1654504952.8495,294400,46.9420318603516,0.043589744716883,0.23716789484024,0.054033424705267,-0.095023021101952,0.000177083333256,0.000802481197752,0.000979564501904,0.015927691012621,0.416523098945618,27.7324504852295,19.0134029388428,4.8193359375
93,1654504959.74973,297600,50.0539169311523,0,-0.162511959671974,0.018178429454565,-0.0949387550354,0,0.000872770673595,0.000872770673595,0.016556054353714,0.43992018699646,31.2309303283691,19.0622615814209,4.9130859375
94,1654504967.00048,300800,48.3962249755859,0.013333332724869,0.232592284679413,0.018309006467462,-0.094682514667511,4.58333306596614E-05,0.000919525860809,0.000965359271504,0.016767080873251,0.459140002727508,29.194995880127,19.0450077056885,5.3037109375
95,1654504973.88228,304000,50.0762176513672,0.084358975291252,1.58228480815887,0.148954838514328,-0.094791047275066,0.000342708342941,0.000754597247578,0.001097305677831,0.015281522646546,0.412596106529236,29.4191150665283,19.0206546783447,6.08984375
96,1654504980.83719,307200,43.1303329467773,0,-3.3623149394989,0.040423668920994,-0.094513490796089,0,0.000741723924875,0.000741723924875,0.015866115689278,0.395075559616089,27.5863075256348,18.960428237915,3.08984375
97,1654504987.8399,310400,53.2970962524414,0.014999999664724,3.18073797225952,0.028327289968729,-0.094320148229599,6.5624997660052E-05,0.000957215670496,0.001022840617225,0.01761600188911,0.457662135362625,31.2225074768066,18.9598407745361,3.62109375
98,1654504994.75272,313600,42.9174194335937,0.017575757578015,-3.19164657592773,0.028910903260112,-0.09457278996706,6.04166634730063E-05,0.000762108655181,0.000822525238618,0.015557801350951,0.407898753881455,27.1747817993164,18.9999446868896,4.0927734375
99,1654505001.47299,316800,51.3245620727539,0,2.03760671615601,0.016438541933894,-0.094384253025055,0,0.000830390257761,0.000830390257761,0.015836607664824,0.436949551105499,30.4039287567139,18.960973739624,3.5927734375
100,1654505009.33409,320000,47.6171951293945,0.074523806571961,0.67925626039505,0.088004261255264,-0.094289869070053,0.000326041656081,0.000874695484526,0.001200737198815,0.017086444422603,0.437344253063202,28.1771621704102,18.7670650482178,4.1318359375
101,1654505015.89777,323200,46.6908798217773,0,-2.10521078109741,0.017347980290651,-0.093987502157688,0,0.000718726951163,0.000718726951163,0.015982000157237,0.405464470386505,29.9687175750732,18.9040145874023,3.9521484375
102,1654505022.91875,326400,46.8468399047852,0,0.921083211898804,0.014450114220381,-0.093856379389763,0,0.000849368749186,0.000849368749186,0.017827540636063,0.416731178760529,27.3402004241943,18.6649608612061,4.3896484375
103,1654505029.2698,329600,48.841438293457,0.020277777686715,-0.491047024726868,0.02323148958385,-0.093779690563679,7.60416660341434E-05,0.0008117777179,0.00088781939121,0.015855550765991,0.421142131090164,30.4431419372559,18.9598941802979,2.9990234375
104,1654505036.3901,332800,48.5087509155273,0.035833332687616,1.77844381332397,0.05144153162837,-0.093518033623695,0.000134375004563,0.000948237488046,0.001082612550817,0.018711175769568,0.441465765237808,28.1691188812256,18.6032619476318,3.62109375
105,1654505043.39754,336000,46.1152648925781,0,-2.20946645736694,0.026975827291608,-0.093539044260979,0,0.000735581968911,0.000735581968911,0.015813114121556,0.397972881793976,29.5800743103027,18.8112182617187,4.2099609375
106,1654505049.87074,339200,44.7250633239746,0.016666667535901,0.891328692436218,0.015591888688505,-0.093372471630573,6.25000029685907E-05,0.000737930182368,0.000800430192612,0.01644204929471,0.390177369117737,25.1865100860596,18.7250061035156,3.12109375
107,1654505056.60811,342400,47.8843498229981,0,-0.724313676357269,0.016595475375652,-0.093118749558926,0,0.000795259024017,0.000795259024017,0.016023607924581,0.422848880290985,29.9291648864746,18.7560214996338,5.02734375
108,1654505063.31924,345600,48.5205879211426,0.057692307978869,2.61124515533447,0.061327282339335,-0.092847220599651,0.000234374994761,0.000925766536966,0.001160141662695,0.018262721598148,0.432895570993423,27.3029556274414,18.6379070281982,4.3349609375
109,1654505070.63929,348800,44.658821105957,0,-3.26667165756226,0.030014283955097,-0.093345284461975,0,0.000806455034763,0.000806455034763,0.016141774132848,0.423994511365891,29.422306060791,18.5665187835693,3.0224609375
110,1654505077.43711,352000,46.4174423217773,0,0.964221179485321,0.015562257729471,-0.093089520931244,0,0.000813146703877,0.000813146703877,0.016000742092729,0.429054766893387,26.7409133911133,18.7898330688477,2.8662109375
111,1654505084.72947,355200,47.5250625610352,0,-0.763646483421326,0.017479022964835,-0.093070596456528,0,0.000738024536986,0.000738024536986,0.016702387481928,0.387067019939423,29.7116069793701,18.6526927947998,1.4912109375
112,1654505091.69525,358400,47.393928527832,0.028333334252238,2.11804270744324,0.043484747409821,-0.092748545110226,0.000106250001409,0.000876378500834,0.000982628553174,0.017572958022356,0.428737282752991,26.5886878967285,18.7364635467529,2.52734375
113,1654505098.54071,361600,48.9485931396484,0.013611110858619,-1.09793746471405,0.021337229758501,-0.093048021197319,5.10416648467071E-05,0.00088818295626,0.000939224497415,0.01739351823926,0.444139033555985,31.4142227172852,18.7040157318115,3.6875
114,1654505104.8553,364800,47.4882202148438,0.013055555522442,0.48442268371582,0.013367431238294,-0.092488624155521,4.89583326270804E-05,0.000911180104595,0.000960138451774,0.018000205978751,0.449544340372086,28.4236717224121,18.6592464447021,3.171875
115,1654505111.72239,368000,47.9520072937012,0,-0.862426340579987,0.011554255150259,-0.093056209385395,0,0.000801242887974,0.000801242887974,0.016941400244832,0.409953504800797,30.2911224365234,18.6048126220703,4.8125
116,1654505119.2181,371200,45.7574157714844,0.030833333730698,1.76703679561615,0.054735690355301,-0.093072071671486,0.000115625000035,0.00079707428813,0.000912699382752,0.0161387398839,0.416660130023956,25.4187049865723,18.6100120544434,1.65234375
117,1654505126.02173,374400,48.7214546203613,0.041944444179535,-0.977685570716858,0.051299020648003,-0.093015268445015,0.000157291666255,0.000815584731754,0.00097287632525,0.016204215586186,0.431287467479706,30.9213256835937,18.8195304870605,2.65234375
118,1654505132.96631,377600,42.5954513549805,0,-1.07987487316132,0.020010113716126,-0.093091517686844,0,0.000779655994847,0.000779655994847,0.016539439558983,0.397369831800461,25.1440658569336,18.6043434143066,4.75
119,1654505138.60253,380800,47.7780914306641,0.02250000089407,0.421723872423172,0.015833517536521,-0.093054078519344,8.43750021886081E-05,0.000729567604139,0.000813942635432,0.015283348970115,0.399955093860626,28.7443370819092,18.6892509460449,2.93359375
120,1654505143.19497,384000,43.8592262268066,0,-0.48062989115715,0.014937032945454,-0.09292321652174,0,0.000798151653726,0.000798151653726,0.017989194020629,0.405207723379135,25.9939308166504,18.4239120483398,4.8271484375
121,1654505149.40684,387200,49.1812744140625,0.026153845712543,0.332140654325485,0.016237277537584,-0.093172587454319,0.000106250001409,0.00078050250886,0.000886752386577,0.016742810606957,0.410506069660187,30.2437038421631,18.6823654174805,5.12109375
122,1654505155.49799,390400,47.3882217407227,0,1.28006815910339,0.021608427166939,-0.092580482363701,0,0.000991293229163,0.000991293229163,0.01868686825037,0.472740292549133,27.7405052185059,18.4386196136475,4
123,1654505161.17304,393600,49.0998458862305,0.031515151262283,0.506687164306641,0.031892333179712,-0.092599995434284,0.000108333333628,0.000984205282293,0.001092538586818,0.017670102417469,0.481131374835968,30.1880874633789,18.4657802581787,1.5693359375
124,1654505166.61198,396800,43.7492752075195,0,-1.28120088577271,0.021099073812366,-0.09245128184557,0,0.000886797846761,0.000886797846761,0.017230197787285,0.443189531564712,26.6254253387451,18.4764041900635,2.5
125,1654505172.11869,400000,49.6765174865723,0.02166666649282,1.34418034553528,0.024711487814784,-0.092066332697868,8.12500002211891E-05,0.000947736029048,0.001028986065649,0.018128015100956,0.459104686975479,29.9747123718262,18.4249801635742,4.52734375
126,1654505177.77073,403200,43.4011611938477,0.011818181723356,-0.499906927347183,0.031086064875126,-0.092034205794334,4.06250001105946E-05,0.000867987342644,0.000908612390049,0.016994096338749,0.427110493183136,25.5091133117676,18.45290184021,0.7646484375
127,1654505183.04242,406400,49.7703742980957,0,-0.356746912002563,0.018803557381034,-0.091716326773167,0,0.001021591131575,0.001021591131575,0.019125895574689,0.471939235925674,31.7460479736328,18.4539852142334,5.3818359375
128,1654505188.40205,409600,42.6774063110352,0,-0.962686598300934,0.01679551973939,-0.091826260089874,0,0.000796953565441,0.000796953565441,0.016990378499031,0.414170622825623,25.2085800170898,18.5065441131592,1.7333984375
129,1654505194.18885,412800,49.7764511108398,0.04333333298564,1.74869012832642,0.062497723847628,-0.091478854417801,0.000148958337377,0.000820162531454,0.000969120766968,0.017347926273942,0.40454563498497,29.730583190918,18.3261604309082,2.25
130,1654505199.42508,416000,44.6253433227539,0,-1.31557416915894,0.026797028258443,-0.091423280537129,0,0.001040320727043,0.001040320727043,0.019739791750908,0.4646016061306,27.7582454681396,18.2473011016846,1.9912109375
131,1654505205.21562,419200,50.0289077758789,0.017777778208256,1.4164947271347,0.022769302129746,-0.091526582837105,6.66666674078442E-05,0.000968979729805,0.001035646302626,0.018599841743708,0.456837683916092,30.4450435638428,18.2361259460449,3.33984375
132,1654505210.7859,422400,41.8528137207031,0,-2.28881788253784,0.025057392194867,-0.091481283307076,0,0.000852775352541,0.000852775352541,0.017669059336186,0.427671998739243,25.8995971679687,18.3084564208984,0.8505859375
133,1654505216.25643,425600,49.9185409545899,0,1.99559342861176,0.022542355582118,-0.091299943625927,0,0.000941090052947,0.000941090052947,0.017490811645985,0.455612272024155,29.700984954834,18.2907199859619,3.3193359375
134,1654505222.09398,428800,42.7612915039063,0,-0.570715606212616,0.022585777565837,-0.09136962890625,0,0.000940295285545,0.000940295285545,0.017720816656947,0.462752759456634,25.1167125701904,18.2840785980225,3.9912109375
135,1654505227.91732,432000,49.0474395751953,0.010277777910233,0.336531072854996,0.017879897728562,-0.091147609055042,3.85416678909678E-05,0.000893612625077,0.00093215436209,0.018296068534255,0.441263496875763,30.4015522003174,18.3826217651367,5.625
136,1654505233.37807,435200,41.6088981628418,0,-0.767361223697662,0.014133412390947,-0.091253362596035,0,0.000855965714436,0.000855965714436,0.01723900064826,0.430455356836319,24.305233001709,18.1481456756592,3.4833984375
137,1654505239.00286,438400,48.6093406677246,0,0.238893523812294,0.014866104349494,-0.091110229492188,0,0.000879494997207,0.000879494997207,0.01778276450932,0.434901893138886,30.1706581115723,18.2760334014893,3.12109375
138,1654505245.13105,441600,43.3609466552734,0.016388889402151,0.011510180309415,0.017017237842083,-0.090975642204285,6.14583332207985E-05,0.000880871491972,0.00094232975971,0.017452478408814,0.43586277961731,25.2029628753662,18.2204322814941,3.3583984375
139,1654505251.62821,444800,49.7461853027344,0.02111111022532,1.71684229373932,0.033879056572914,-0.090638585388661,7.91666680015624E-05,0.000960728968494,0.001039895578288,0.018973398953676,0.444152534008026,30.0864238739014,17.9996814727783,3.21484375
140,1654505258.68345,448000,44.2056884765625,0.102777779102325,0.143510580062866,0.073814257979393,-0.090837329626083,0.000385416671634,0.000953356153332,0.001338772941381,0.018099779263139,0.441101044416428,25.7619171142578,18.3172855377197,3.984375
141,1654505264.98115,451200,45.6148452758789,0.026923077180982,-2.67877531051636,0.049460396170616,-0.090670056641102,0.0001093749961,0.001027683727443,0.001137058716267,0.01944375783205,0.476116210222244,30.3298587799072,18.0049724578857,1.6875
142,1654505271.13241,454400,44.8666191101074,0.068333335220814,2.22474098205566,0.087712608277798,-0.091336019337177,0.000256250030361,0.000799768196885,0.001056018169038,0.016797656193376,0.42172047495842,24.5180435180664,18.1274585723877,4.93359375
143,1654505276.8685,457600,47.9558410644531,0.023333333432674,-1.46937346458435,0.03552820533514,-0.090847730636597,8.02083304733969E-05,0.001021246076562,0.001101454370655,0.019242264330387,0.475999683141708,31.2787609100342,18.2017726898193,3.52734375
144,1654505282.94926,460800,42.889705657959,0,-0.120555117726326,0.017000500112772,-0.09185390919447,0,0.000879549770616,0.000879549770616,0.015537734143436,0.466249823570251,24.6472949981689,18.4378185272217,1.359375
145,1654505288.93725,464000,48.1606216430664,0.020555555820465,-4.50674560852349E-05,0.019927689805627,-0.091611474752426,7.70833357819356E-05,0.00089945300715,0.000976536422968,0.017535740509629,0.451480716466904,29.8195838928223,18.4127655029297,5.1552734375
146,1654505294.86,467200,43.4528656005859,0,0.120218366384506,0.023394271731377,-0.091547444462776,0,0.000920111138839,0.000920111138839,0.018078710883856,0.446918308734894,25.2488536834717,18.1519451141357,2.7255859375
147,1654505301.54946,470400,47.9088439941406,0.014166667126119,0.27270895242691,0.017648432403803,-0.091307252645493,5.31250007043127E-05,0.000893303833436,0.000946428917814,0.017027175053954,0.459360688924789,29.3053245544434,18.404468536377,5.0537109375
148,1654505308.78721,473600,44.2157592773438,0.078333325684071,0.126804992556572,0.038311764597893,-0.09151516854763,0.000342708313838,0.000921269587707,0.001263977843337,0.017773451283574,0.453915625810623,25.8794593811035,18.2627010345459,4.90234375
149,1654505315.41482,476800,45.3256454467774,0,-0.978874564170837,0.019085980951786,-0.091454431414604,0,0.000869445852004,0.000869445852004,0.017414217814803,0.439720153808594,28.2729511260986,18.1039352416992,3.3818359375
150,1654505322.18212,480000,41.4248199462891,0.021538462489843,-0.250532686710358,0.014418386854231,-0.092022359371185,8.74999968800694E-05,0.000706722901668,0.000794222927652,0.015052505768836,0.409695744514465,23.4386940002441,18.3142604827881,4.40234375
151,1654505328.6451,483200,48.1921844482422,0,0.489413380622864,0.014241154305637,-0.091836884617806,0,0.000794481951743,0.000794481951743,0.016246061772108,0.423675239086151,29.183780670166,18.596586227417,2.8740234375
152,1654505335.64136,486400,42.9885978698731,0,-0.138649001717567,0.015367217361927,-0.091537959873676,0,0.00082921696594,0.00082921696594,0.017893465235829,0.413488119840622,24.8977394104004,18.3056774139404,5.0224609375
153,1654505342.97785,489600,48.3230628967285,0.013055555522442,1.00157082080841,0.016794625669718,-0.091679096221924,4.89583326270804E-05,0.000954240327701,0.00100319867488,0.018019907176495,0.462645709514618,29.2944240570068,18.1019515991211,4.27734375
154,1654505350.08275,492800,41.4023551940918,0,-1.37498307228088,0.018538391217589,-0.091757081449032,0,0.000756859313697,0.000756859313697,0.015924187377095,0.418690949678421,24.3428192138672,18.5077381134033,4.875
155,1654505357.42389,496000,53.0240936279297,0.057500001043081,3.45480895042419,0.133926644921303,-0.091270342469215,0.000215624997509,0.001022022916004,0.001237647840753,0.019514976069331,0.467001467943192,31.352653503418,18.1739749908447,2.9521484375
156,1654505363.76446,499200,42.5829429626465,0.086923077702522,-1.31010806560516,0.043609321117401,-0.091649480164051,0.000353125011316,0.0008601679001,0.001213292824104,0.016222074627876,0.467016071081162,25.4375171661377,18.5035743713379,3.0625
157,1654505370.34215,502400,44.9294776916504,0,-2.66568231582642,0.032562199980021,-0.091713339090347,0,0.000775195192546,0.000775195192546,0.016361702233553,0.422395467758179,29.1866016387939,18.4677085876465,2.2177734375
158,1654505376.82993,505600,42.4767913818359,0,1.06365656852722,0.013591382652521,-0.09193829447031,0,0.000783562660217,0.000783562660217,0.015407516621053,0.433317482471466,23.1839904785156,18.3074913024902,4.74609375
159,1654505383.10402,508800,46.4070587158203,0.009999999776483,-0.259239792823791,0.014934748411179,-0.091709516942501,3.74999981431756E-05,0.000850939308293,0.000888439244591,0.015989882871509,0.462395787239075,28.2951526641846,18.4479198455811,2.99609375
160,1654505389.81809,512000,43.7803382873535,0.021515151485801,0.82604992389679,0.018663432449102,-0.091599635779858,7.39583338145167E-05,0.000847800052725,0.000921758415643,0.016270995140076,0.453640162944794,24.7207946777344,18.3064308166504,4
161,1654505396.49543,515200,48.2520446777344,0.049523808062077,1.25806427001953,0.125327467918396,-0.091343753039837,0.000216666667257,0.000930401321966,0.001147067872807,0.01677586324513,0.472953408956528,28.4599189758301,18.5000762939453,4.65234375
162,1654505403.17155,518400,39.0068969726562,0,-2.7160210609436,0.027994679287076,-0.091966517269611,0,0.000797372777015,0.000797372777015,0.015290630050004,0.450323790311813,23.3653678894043,18.4215221405029,2.93359375
163,1654505410.32172,521600,47.6242904663086,0,0.77239179611206,0.012575354427099,-0.090936988592148,0,0.000862575077917,0.000862575077917,0.017204787582159,0.446643680334091,28.8040046691894,18.1262550354004,5.18359375
164,1654505417.81876,524800,44.5819892883301,0.039722222834826,1.05411624908447,0.028693966567516,-0.090493217110634,0.000148958337377,0.000922061561141,0.00107101991307,0.017584381625056,0.463333666324616,25.354959487915,18.234712600708,2.9052734375
165,1654505427.81108,528000,44.52783203125,0,-2.48642063140869,0.031857047230005,-0.090574525296688,0,0.000911418290343,0.000911418290343,0.018125731498003,0.454356044530869,28.9299945831299,18.142972946167,3.1318359375
166,1654505437.40241,531200,44.7178421020508,0,2.08479571342468,0.01527738571167,-0.090777866542339,0,0.000866206304636,0.000866206304636,0.017295176163316,0.454064816236496,24.4810791015625,18.2274684906006,4.421875
167,1654505446.2324,534400,44.4044609069824,0,-1.72693240642548,0.018016176298261,-0.091150060296059,0,0.000768890255131,0.000768890255131,0.01584480330348,0.426757574081421,27.7398376464844,18.4646892547607,4.8349609375
168,1654505454.63255,537600,41.5843009948731,0.035000000149012,0.535198271274567,0.036333661526442,-0.090553045272827,0.00013124999532,0.000703690748196,0.000834940816276,0.015969341620803,0.391005635261536,22.9529495239258,18.1503734588623,4.0615234375
169,1654505462.05566,540800,45.906551361084,0.024444444105029,0.284632205963135,0.026897920295596,-0.090677283704281,9.16666613193229E-05,0.000772723229602,0.000864389992785,0.016144435852766,0.422724217176437,27.3476982116699,18.3380012512207,2.68359375
170,1654505469.80258,544000,44.799488067627,0.054444447159767,1.21012926101685,0.072035662829876,-0.090104758739472,0.000204166673939,0.000879767700098,0.001083934330381,0.017491167411208,0.444171369075775,25.5231590270996,18.0842685699463,3.3349609375
171,1654505477.53085,547200,42.0868759155273,0,-2.37767291069031,0.026905238628388,-0.09090618789196,0,0.000770312501118,0.000770312501118,0.015755873173475,0.436707377433777,26.377555847168,18.1509952545166,2.4208984375
172,1654505485.5388,550400,43.3836097717285,0,0.838483870029449,0.012765232473612,-0.090754598379135,0,0.000835900544189,0.000835900544189,0.016737585887313,0.437834084033966,24.4051246643066,18.2179908752441,3.3427734375
173,1654505492.36502,553600,44.2826232910156,0,-1.0478378534317,0.017966434359551,-0.09066728502512,0,0.000756516179536,0.000756516179536,0.016440980136395,0.416650176048279,27.2079467773437,18.1952133178711,3.40234375
174,1654505498.83182,556800,45.414306640625,0,1.71279489994049,0.016106816008687,-0.090094491839409,0,0.000884369190317,0.000884369190317,0.017301516607404,0.457135766744614,25.4722003936768,18.3032970428467,3.1875
175,1654505505.59611,560000,44.0747833251953,0.008333333767951,-0.936739206314087,0.017922960221768,-0.090847432613373,3.12500014842953E-05,0.00078866421245,0.000819914217573,0.015570003539324,0.435626268386841,27.0065498352051,18.0778961181641,6.0625
176,1654505511.87269,563200,43.0717010498047,0,0.268721371889114,0.018467450514436,-0.090651772916317,0,0.000828003219794,0.000828003219794,0.016354538500309,0.447890251874924,24.5729236602783,18.3022384643555,1.6787109375
177,1654505519.36009,566400,46.4503746032715,0,0.457068711519241,0.016724525019527,-0.090089373290539,0,0.000892697193194,0.000892697193194,0.017339546233416,0.460838437080383,27.8096618652344,18.2570095062256,2.8125
178,1654505526.2524,569600,40.6256332397461,0,-1.0313503742218,0.018634619191289,-0.090427815914154,0,0.000753452302888,0.000753452302888,0.015474187210202,0.434041202068329,23.4502239227295,18.2785549163818,4.546875
179,1654505533.68664,572800,45.9189453125,0.012222222052515,1.46264898777008,0.01610772870481,-0.090547658503056,4.58333306596614E-05,0.00082858838141,0.000874421733897,0.015943853184581,0.447082608938217,26.3339920043945,18.1967449188232,3.1630859375
180,1654505541.02472,576000,42.0383453369141,0,-0.71138733625412,0.017470650374889,-0.090514570474625,0,0.000840185442939,0.000840185442939,0.016386762261391,0.468851745128632,24.6087093353271,18.2140693664551,2.7255859375
181,1654505548.57059,579200,47.9012832641602,0.055833335965872,2.23851442337036,0.063250601291657,-0.0903200507164,0.000209375008126,0.000899360398762,0.001108735450543,0.016991579905152,0.468713104724884,27.5822601318359,18.1075801849365,2.1005859375
182,1654505555.85662,582400,40.6490783691406,0.039166666567326,-1.48738479614258,0.054260481148958,-0.090701133012772,0.000146874997881,0.000771796680056,0.000918671721593,0.015998831018806,0.427942425012589,23.9492378234863,18.2236633300781,2.58984375
183,1654505562.62132,585600,42.7080955505371,0,-1.21253407001495,0.016431579366326,-0.090698875486851,0,0.000765587261412,0.000765587261412,0.016387064009905,0.411872625350952,25.9745807647705,18.0203170776367,3.1552734375
184,1654505569.57192,588800,45.402717590332,0,1.55890357494354,0.0200558565557,-0.09000039100647,0,0.000952868256718,0.000952868256718,0.017764363437891,0.478061020374298,25.9226226806641,17.9911346435547,3.0693359375
185,1654505576.28825,592000,44.3696060180664,0.018611110746861,-1.07907104492188,0.024169011041522,-0.090661637485027,6.97916620993055E-05,0.000790150777902,0.000859942345414,0.016944317147136,0.423669010400772,27.3638381958008,18.1513328552246,1.4521484375
186,1654505582.60992,595200,44.3341827392578,0.025128204375506,1.15122103691101,0.033260341733694,-0.090000703930855,0.000102083329693,0.000971596513409,0.001073679886758,0.018412478268147,0.469916164875031,25.3782444000244,17.8614597320557,3.6787109375
187,1654505589.3115,598400,42.0158958435059,0,-1.30033528804779,0.01355401147157,-0.09041178226471,0,0.000724222220015,0.000724222220015,0.014779660850763,0.425238758325577,25.140323638916,18.2527656555176,1.4443359375
188,1654505596.08906,601600,43.0639495849609,0.021515151485801,0.406009256839752,0.015240906737745,-0.089879408478737,7.39583338145167E-05,0.000879509898368,0.000953468261287,0.017738556489349,0.452336221933365,24.8304290771484,17.9021472930908,4.6943359375
189,1654505603.09733,604800,50.4154891967773,0.135111108422279,4.91565608978272,0.342997491359711,-0.089680597186089,0.000633333344012,0.000923243816942,0.00155657727737,0.016831230372191,0.476422905921936,27.1752147674561,18.0713024139404,2.4443359375
190,1654505610.22601,608000,35.6677017211914,0,-5.38714742660522,0.066587701439858,-0.090972132980824,0,0.000820032088086,0.000820032088086,0.016176111996174,0.431275397539139,23.0510158538818,18.0282192230225,3.2802734375
191,1654505617.63944,611200,44.5089416503906,0.078095242381096,1.43862533569336,0.089477777481079,-0.091641336679459,0.000341666687746,0.000725062855054,0.001066729542799,0.014372169971466,0.432793021202087,24.6749420166016,18.3975353240967,2.625
192,1654505624.85603,614400,41.4374618530273,0.04166666790843,-0.643805921077728,0.017366752028465,-0.091982297599316,0.000156249996508,0.000717818038538,0.000874068005942,0.014033697545529,0.440480142831802,23.4665012359619,18.6893825531006,4.87109375
193,1654505631.9364,617600,43.0370864868164,0,-2.31464910507202,0.027075720950961,-0.092044852674008,0,0.000776521919761,0.000776521919761,0.015531829558313,0.426158726215363,26.826696395874,18.5900096893311,3.3125
194,1654505638.7547,620800,42.5893211364746,0,0.311688750982285,0.011631990782917,-0.091758400201798,0,0.000731289561372,0.000731289561372,0.015209386125207,0.413412094116211,24.0441608428955,18.3135986328125,2.6552734375
195,1654505645.66726,624000,43.416618347168,0,0.343638390302658,0.010141012258828,-0.092029757797718,0,0.000739362381864,0.000739362381864,0.014231082983315,0.453621208667755,24.719820022583,18.4350471496582,2.1875
196,1654505652.58403,627200,40.3592834472656,0,-0.035598963499069,0.013367191888392,-0.092228434979916,0,0.000707539380528,0.000707539380528,0.013995703309774,0.437874436378479,22.0564556121826,18.4172897338867,4.046875
197,1654505659.75906,630400,47.0936431884766,0.017222221940756,1.26656532287598,0.024182422086597,-0.091286651790142,6.45833351882175E-05,0.000892804702744,0.000957387965173,0.016079222783446,0.487021893262863,27.3754997253418,18.518684387207,1.9365234375
198,1654505666.15233,633600,43.9818000793457,0.098611116409302,1.91871607303619,0.129622668027878,-0.091760128736496,0.000369791639969,0.000826029805467,0.001195821445435,0.015734253451228,0.460711896419525,23.6587142944336,18.3665065765381,3.1318359375
199,1654505672.50716,636800,42.3562698364258,0.047692306339741,-1.53041481971741,0.049074254930019,-0.092363201081753,0.000193750005565,0.000838244042825,0.001031994004734,0.015350312925875,0.469112128019333,25.5118141174316,18.4181575775146,4.296875
200,1654505679.25802,640000,41.2155151367188,0.009999999776483,-0.255830764770508,0.013574341312051,-0.092165268957615,3.43749998137355E-05,0.000816494284663,0.000850869342685,0.015636274591088,0.463945955038071,23.1299953460693,18.419942855835,2.3896484375
201,1654505686.52105,643200,45.4241485595703,0.087222218513489,0.726924359798431,0.067064225673676,-0.092146568000317,0.000327083311277,0.000848334573675,0.00117541779764,0.016425045207143,0.453195720911026,26.3526840209961,18.3696231842041,5.12109375
202,1654505692.88912,646400,40.8727493286133,0,-1.81729531288147,0.021147407591343,-0.092284619808197,0,0.000825771188829,0.000825771188829,0.015811953693628,0.465005040168762,24.3682823181152,18.3929004669189,5.359375
203,1654505699.56962,649600,45.034912109375,0.015897436067462,-0.035608500242233,0.021742898970842,-0.092203199863434,6.45833351882175E-05,0.000794075953308,0.000858659215737,0.015302295796573,0.45573753118515,26.556510925293,18.58447265625,3.9375
204,1654505706.25226,652800,42.5367851257324,0.026060605421662,0.360256493091583,0.018157595768571,-0.092297829687595,8.95833290996961E-05,0.000767574063502,0.000857157458086,0.015144007280469,0.442201346158981,23.6450271606445,18.6056423187256,3.8125
205,1654505712.46195,656000,43.6199493408203,0,-0.388810753822327,0.015914969146252,-0.092250175774098,0,0.0007875317242,0.0007875317242,0.01511833909899,0.451701074838638,25.7127227783203,18.372371673584,3.9208984375
206,1654505719.03667,659200,43.5359954833984,0.077500000596047,1.51103842258453,0.057195663452149,-0.092073477804661,0.000290625001071,0.000738252478186,0.001028877450153,0.01415800768882,0.4478739798069,23.3688945770264,18.6909408569336,2.3740234375
207,1654505725.72975,662400,43.3381843566895,0,-1.07761359214783,0.02203525416553,-0.092188090085983,0,0.000792329024989,0.000792329024989,0.015249397605658,0.456057846546173,26.0271816253662,18.4587688446045,1.40234375
208,1654505732.55699,665600,40.3913269042969,0,-1.08412110805511,0.012441453523934,-0.092312663793564,0,0.000737853813916,0.000737853813916,0.014392384327948,0.447274476289749,23.0248355865479,18.5304832458496,3.15234375
209,1654505739.10236,668800,47.2920150756836,0.111282058060169,3.5530424118042,0.150179147720337,-0.092251688241959,0.000452083360869,0.000727060425561,0.001179143670015,0.014279262162745,0.448328524827957,25.0229339599609,18.658109664917,2.9130859375
210,1654505746.07982,672000,39.7241973876953,0.029722221195698,-2.19876384735107,0.033698003739119,-0.092850469052792,0.00011145832832,0.000692569417879,0.000804027775303,0.014210594817996,0.433442920446396,23.1695156097412,18.8125953674316,3.296875
211,1654505752.39941,675200,43.2703475952148,0,-1.01433563232422,0.019025592133403,-0.092332921922207,0,0.000858683080878,0.000858683080878,0.015587079338729,0.479282259941101,25.828763961792,18.529224395752,4.6318359375
212,1654505758.86726,678400,44.210578918457,0.10974358767271,2.89719796180725,0.185767620801926,-0.092449732124806,0.000445833313279,0.000761455099564,0.001207288471051,0.014700453728438,0.446999818086624,22.7870216369629,18.4330387115479,3.3125
213,1654505765.97149,681600,39.088191986084,0,-3.39609169960022,0.026639066636562,-0.092860251665115,0,0.000634873867966,0.000634873867966,0.013162033632398,0.418865591287613,23.9313812255859,18.6191234588623,3.1552734375
214,1654505773.93194,684800,41.8473587036133,0.019743589684367,0.764232218265533,0.030806826427579,-0.092820249497891,8.02083304733969E-05,0.000734697037842,0.000814905390143,0.013980256393552,0.449742436408997,22.4792881011963,18.6658515930176,1.6318359375
215,1654505781.9243,688000,42.9105110168457,0.067435897886753,0.427776873111725,0.060950130224228,-0.092502124607563,0.000273958343314,0.000680858211126,0.000954816408921,0.014167972840369,0.423052191734314,23.8986473083496,18.6156387329102,2.1396484375
216,1654505788.72643,691200,40.9874420166016,0,-0.539444088935852,0.017672026529908,-0.092126935720444,0,0.00081480370136,0.00081480370136,0.015179317444563,0.47150382399559,23.2346897125244,18.3666515350342,3.30859375
217,1654505795.99323,694400,47.0644760131836,0.065384618937969,2.4349684715271,0.049375217407942,-0.091793857514858,0.000265625014436,0.000888918759301,0.001154543715529,0.01636540517211,0.482199400663376,26.255069732666,18.4168548583984,2.96484375
218,1654505803.21852,697600,38.3884887695312,0.015000000596047,-2.55121493339539,0.025153018534184,-0.092355974018574,5.62500026717316E-05,0.000717989285477,0.000774239306338,0.013988614082337,0.438077747821808,22.522123336792,18.4847850799561,2.625
219,1654505810.74232,700800,40.3889694213867,0,-1.06217408180237,0.01103503536433,-0.092201046645641,0,0.000693151552696,0.000693151552696,0.014502447098494,0.429046124219894,23.1540451049805,18.3782653808594,3.2333984375
220,1654505818.69851,704000,41.9271774291992,0,0.458889007568359,0.013626823201776,-0.091768763959408,0,0.000776601606049,0.000776601606049,0.015125992707908,0.446452528238297,23.1766700744629,18.3697605133057,3.3583984375
221,1654505825.3737,707200,44.533561706543,0.034444447606802,1.34104144573212,0.024101516231895,-0.092040300369263,0.000129166670376,0.000851127086207,0.00098029372748,0.015578734688461,0.471000671386719,24.8595123291016,18.4009456634521,2.96484375
222,1654505832.28155,710400,40.091796875,0.033333335071802,-0.972562193870544,0.0197579190135,-0.092049442231655,0.000125000005937,0.000668722670525,0.000793722691014,0.013791833072901,0.420672446489334,22.7263088226318,18.4103393554688,3.15234375
223,1654505839.21281,713600,45.3042144775391,0.101794868707657,2.09102725982666,0.173280283808708,-0.09160091727972,0.000413541652961,0.000804611830972,0.001218153396621,0.015692248940468,0.462015300989151,24.7415561676025,18.3899536132812,3.859375
224,1654505846.1113,716800,41.2329711914063,0.010512820445001,-1.37606823444366,0.022111438214779,-0.09196487814188,4.27083359682001E-05,0.000865169218741,0.00090787751833,0.015451185405254,0.483853846788406,24.1518306732178,18.5270614624023,2.6787109375
225,1654505853.86042,720000,42.9518737792969,0.026388889178634,3.93134541809559E-05,0.037929393351078,-0.091511152684689,9.89583350019529E-05,0.000814688799437,0.000913647119887,0.015549859963358,0.461518198251724,24.785400390625,18.2200183868408,3.27734375
226,1654505860.67492,723200,43.0196533203125,0.054871797561646,1.01711702346802,0.053829837590456,-0.091345675289631,0.000222916671191,0.000883818545844,0.001106735202484,0.01583132147789,0.490220308303833,23.6587142944336,18.3813381195068,3.46484375
227,1654505867.55155,726400,40.1831855773926,0,-2.25592136383057,0.020917695015669,-0.091505520045757,0,0.000750291510485,0.000750291510485,0.015451426617801,0.441947758197784,24.2028427124023,18.3068523406982,2.65234375
228,1654505873.92927,729600,43.6138305664062,0.070000000298023,1.7345175743103,0.079293504357338,-0.091657496988773,0.000262500019744,0.000753570348024,0.001016070367768,0.014720293693245,0.44883069396019,23.4170112609863,18.4746685028076,3.2646484375
229,1654505881.97483,732800,39.3408813476562,0,-1.87982654571533,0.024953031912446,-0.091960810124874,0,0.000726704136468,0.000726704136468,0.014620784670115,0.431253045797348,22.8548393249512,18.4328746795654,3.83984375
230,1654505888.40974,736000,41.4232978820801,0.030769230797887,0.454384446144104,0.037313003093004,-0.091706030070782,0.000125000005937,0.000722533324733,0.000847533287015,0.014526906423271,0.447501868009567,22.6932544708252,18.3300514221191,5.49609375
231,1654505895.52633,739200,42.6550979614258,0.048181816935539,1.21205008029938,0.077503465116024,-0.091647438704968,0.000165624995134,0.000760862661991,0.000926487671677,0.014676148071885,0.448888123035431,23.1328086853027,18.3243846893311,1.421875
232,1654505902.48466,742400,40.2744598388672,0.01083333324641,-0.893280029296875,0.024548986926675,-0.09171549975872,4.06250001105946E-05,0.000754293054342,0.000794918101747,0.014546532183886,0.457961738109589,22.8994903564453,18.3354167938232,5.2724609375
233,1654505909.3968,745600,41.3651084899902,0.008205128833652,-0.204451039433479,0.015727795660496,-0.091397702693939,3.33333337039221E-05,0.000798260443844,0.00083159370115,0.014248100109398,0.474920153617859,23.1519355773926,18.493293762207,2.875
234,1654505916.51563,748800,43.0827331542969,0.053636368364096,1.22425329685211,0.038470733910799,-0.09144327044487,0.000184375006938,0.000813500897493,0.00099787581712,0.014976023696363,0.468902468681335,23.4795379638672,18.4319133758545,2.609375
235,1654505923.17448,752000,39.230224609375,0.03230769187212,-1.72196269035339,0.033073987811804,-0.091210037469864,0.00013124999532,0.000688517291564,0.000819767243229,0.014440232887864,0.430787086486816,22.7835674285889,18.2267532348633,3.0849609375
236,1654505930.20728,755200,40.9092483520508,0,-0.028141766786575,0.011571420356631,-0.091258510947228,0,0.000767070276197,0.000767070276197,0.015403534285724,0.449552625417709,22.9468460083008,18.0702285766602,4.1875
237,1654505936.77989,758400,42.1491241455078,0,-0.166131198406219,0.012044180184603,-0.091281764209271,0,0.000792678154539,0.000792678154539,0.015347092412412,0.457526475191116,24.1733665466309,18.2211284637451,2.4521484375
238,1654505943.33456,761600,40.9268836975098,0,0.096121527254582,0.012408323585987,-0.091163620352745,0,0.000717209943105,0.000717209943105,0.014430117793381,0.441794544458389,22.575138092041,18.334379196167,2.125
239,1654505949.86951,764800,39.5219421386719,0.017948718741536,-0.272995740175247,0.021311165764928,-0.091877117753029,7.29166640667245E-05,0.000603547901846,0.000676464580465,0.012058790773153,0.426564604043961,21.2722492218018,18.5932559967041,3.6005859375
240,1654505957.11607,768000,39.1101379394531,0,-1.1758838891983,0.012519202195108,-0.091233305633068,0,0.000622943975031,0.000622943975031,0.013942793942988,0.394503176212311,22.0213718414307,18.3433666229248,2.2412109375
241,1654505963.93929,771200,42.0358428955078,0,0.632433950901032,0.015449014492333,-0.091374933719635,0,0.000687742023729,0.000687742023729,0.013946590013802,0.429816365242004,23.0021553039551,18.4771785736084,2.7255859375
242,1654505970.6957,774400,40.8038711547852,0,0.088668167591095,0.00935010612011,-0.091289512813091,0,0.000684452941641,0.000684452941641,0.013880671001971,0.435902327299118,22.3874931335449,18.409646987915,4.5224609375
243,1654505977.7154,777600,42.3577499389648,0,1.01562774181366,0.013504263944924,-0.091160237789154,0,0.000806353637017,0.000806353637017,0.015692701563239,0.458090752363205,23.3517360687256,18.068042755127,5.2099609375
244,1654505984.81338,780800,40.0776863098145,0,-0.386639684438705,0.014499264769256,-0.091167643666267,0,0.000745997705963,0.000745997705963,0.014031106606126,0.45735514163971,22.1058158874512,18.4351787567139,1.7802734375
245,1654505992.07521,784000,40.6877632141113,0,-0.596341669559479,0.013182743452489,-0.091049507260323,0,0.000740743009374,0.000740743009374,0.014763715676963,0.445152521133423,23.1886711120605,18.1732997894287,3.046875
246,1654505999.2156,787200,42.4820556640625,0.052820511162281,1.63093531131744,0.086234755814076,-0.091309025883675,0.000214583327761,0.000713425222784,0.000928008637857,0.014036676846445,0.44666850566864,22.3722534179687,18.4839401245117,2.4052734375
247,1654506007.20975,790400,41.9628982543945,0.04846153780818,0.614055693149567,0.048544488847256,-0.090833358466625,0.000196875000256,0.000801751331892,0.000998626230285,0.014900974929333,0.477294772863388,23.2936859130859,18.0974445343018,1.3740234375
248,1654506014.13917,793600,39.3472061157227,0,-1.47935199737549,0.013010454364121,-0.09142754226923,0,0.000683489837684,0.000683489837684,0.01369093451649,0.442561715841293,22.4316749572754,18.4732990264893,4.33984375
249,1654506021.61956,796800,42.0529899597168,0,0.342794835567474,0.015229937620461,-0.090977996587753,0,0.000816261861473,0.000816261861473,0.014153256081045,0.489373564720154,23.4446315765381,18.3413124084473,3.65234375
250,1654506028.37791,800000,40.8098678588867,0,-0.345386922359467,0.009917733259499,-0.091197147965431,0,0.000714775000233,0.000714775000233,0.01445702649653,0.440622478723526,23.0238800048828,18.2126522064209,2.8349609375
251,1654506035.11852,803200,45.0435180664063,0.081190474331379,2.41537857055664,0.10340715944767,-0.090866789221764,0.000355208321707,0.000815188977867,0.001170397270471,0.014769001863897,0.478794127702713,24.2432422637939,18.3723545074463,4.109375
252,1654506042.19897,806400,38.6669425964355,0.015277777798474,-2.30691313743591,0.018938282504678,-0.091234646737576,5.7291668781545E-05,0.000698600546457,0.000755892193411,0.014673748984933,0.426048785448074,22.9634437561035,18.0827083587646,5.43359375
253,1654506049.01773,809600,40.9850921630859,0.026153845712543,-0.440945982933044,0.022406527772546,-0.091151989996433,0.000106250001409,0.000787043129094,0.000893293123227,0.015114897862077,0.454765230417252,23.2062435150146,18.288537979126,2.5693359375
254,1654506055.41531,812800,43.5763130187988,0.076060608029366,1.8762583732605,0.053144156932831,-0.090566769242287,0.000261458335444,0.000811811361928,0.00107326975558,0.015246220864356,0.462110012769699,23.5376243591309,18.1998519897461,1.99609375
255,1654506062.22203,816000,40.3670272827148,0.063333332538605,0.311678916215897,0.073455922305584,-0.091071933507919,0.000277083338005,0.000707529659849,0.00098461296875,0.014424473978579,0.43405944108963,22.11989402771,17.9530696868896,5.0849609375
256,1654506068.65517,819200,39.4813690185547,0,-2.268639087677,0.036580711603165,-0.090758971869946,0,0.00078093126649,0.00078093126649,0.015209095552564,0.45278137922287,23.7666816711426,18.037504196167,3.9833984375
257,1654506075.40323,822400,38.4238739013672,0,-0.91391795873642,0.007685122545809,-0.091608010232449,0,0.000583890534472,0.000583890534472,0.011749939061701,0.42581108212471,21.0522422790527,18.3694725036621,1.8125
258,1654506082.14114,825600,40.2381134033203,0,0.262080729007721,0.011037316173315,-0.091262869536877,0,0.000651468639262,0.000651468639262,0.013335435651243,0.425655543804169,21.8302364349365,18.2260227203369,3.0625
259,1654506088.98363,828800,42.5227851867676,0,0.853216826915741,0.016549203544855,-0.091082572937012,0,0.000832982012071,0.000832982012071,0.014975217171013,0.486757159233093,23.4872245788574,18.2568778991699,3.2255859375
260,1654506096.38465,832000,41.7242660522461,0,0.063812263309956,0.014126467518509,-0.090735502541065,0,0.000783445313573,0.000783445313573,0.014984221197665,0.46516564488411,23.5719184875488,18.1651458740234,4.05859375
261,1654506103.53913,835200,41.7222671508789,0.040769226849079,0.465747803449631,0.023685762658715,-0.090720444917679,0.000165625009686,0.000774371495936,0.000939996563829,0.01471356395632,0.4682397544384,23.0521945953369,18.2713584899902,4.6875
262,1654506110.17679,838400,40.8880844116211,0.028787879273295,-0.076709099113941,0.01517684198916,-0.09108055382967,9.89583350019529E-05,0.000727995182388,0.000826953502838,0.014352346770465,0.448477476835251,22.7348918914795,18.3058071136475,4.1162109375
263,1654506117.86155,841600,43.6675796508789,0.040000002831221,1.35191595554352,0.025458548218012,-0.090443469583988,0.000150000007125,0.00089997210307,0.001049972139299,0.016197014600039,0.491464048624039,24.3816452026367,17.9990062713623,2.62109375
264,1654506125.3866,844800,38.7398986816406,0,-1.98334920406342,0.01751171797514,-0.090834885835648,0,0.000704348785803,0.000704348785803,0.015203434042633,0.430498033761978,22.8800506591797,17.9165229797363,2.52734375
265,1654506131.78812,848000,44.0105895996094,0.111538462340832,2.63483715057373,0.107359550893307,-0.091090157628059,0.000453125016065,0.000783481751569,0.001236606854945,0.014197728596628,0.482565432786942,22.9909172058105,18.3685665130615,0.87109375
266,1654506138.55955,851200,42.603889465332,0.151428565382957,1.52720499038696,0.168800547719002,-0.091276504099369,0.000662499980535,0.000771715654992,0.001434215577319,0.014494188129902,0.465564131736755,22.6690006256104,18.3301601409912,3.5302734375
267,1654506145.35998,854400,39.0810394287109,0.008611110970378,-2.60364031791687,0.041338466107845,-0.090885415673256,3.22916675941087E-05,0.000890683208127,0.000922974897549,0.015752183273435,0.486416846513748,23.6162605285645,18.1179656982422,3
268,1654506152.11103,857600,39.9189109802246,0.02138888835907,-0.821796953678131,0.023877747356892,-0.091156579554081,8.02083304733969E-05,0.000711803440936,0.000792011676822,0.014167195186019,0.457658916711807,22.5001564025879,18.3078308105469,3.9833984375
269,1654506159.00262,860800,39.466438293457,0.044166665524244,-0.350429505109787,0.032805420458317,-0.091717623174191,0.000165624995134,0.000696361530572,0.000861986598466,0.01317916251719,0.452026933431625,21.4653053283691,18.4104766845703,3.4833984375
270,1654506165.00144,864000,43.9263229370117,0.102619044482708,2.59004092216492,0.131770431995392,-0.091497845947743,0.000448958366178,0.00076868920587,0.001217647455633,0.014473855495453,0.461323618888855,22.9163208007812,18.3796882629395,3.3818359375
271,1654506171.88751,867200,42.6899566650391,0.088888891041279,1.0596204996109,0.125523835420609,-0.091230526566506,0.000333333358867,0.000804831972346,0.001138165360317,0.013827467337251,0.489457666873932,23.2266807556152,18.36936378479,4.5537109375
272,1654506178.07883,870400,41.7806930541992,0.049166664481163,-1.12151157855988,0.044701643288136,-0.090747363865376,0.000184374992386,0.000878325256053,0.001062700292096,0.016921769827604,0.46855840086937,24.9200286865234,18.0282211303711,4.0625
273,1654506184.99595,873600,42.8635482788086,0.044722225517035,-0.104147717356682,0.028674945235252,-0.090750209987164,0.000167708334629,0.000935710966587,0.001103419344872,0.015835868194699,0.52083170413971,24.6233139038086,18.406457901001,3.24609375
274,1654506191.39511,876800,38.4086685180664,0.016666667535901,-2.0439715385437,0.025858217850328,-0.091250859200955,6.25000029685907E-05,0.000721109856386,0.000783609983046,0.013226524926722,0.477038085460663,22.0220279693604,18.4960060119629,4.1865234375
275,1654506198.07587,880000,39.5964202880859,0,-0.987920165061951,0.013283869251609,-0.090894669294357,0,0.000710199936293,0.000710199936293,0.01380124129355,0.449511229991913,22.3463745117188,18.3155765533447,3.6708984375
276,1654506204.29778,883200,40.9610900878906,0,-0.244796067476273,0.022120870649815,-0.091367781162262,0,0.000740723160561,0.000740723160561,0.014451468363404,0.44901505112648,22.9385566711426,18.336576461792,2.6396484375
277,1654506210.82965,886400,41.6673126220703,0.078888885676861,1.52957653999329,0.081969566643238,-0.091660670936108,0.000295833335258,0.000708165462129,0.001003998797387,0.013171340338886,0.46290710568428,21.7633228302002,18.384105682373,2.6787109375
278,1654506217.51495,889600,42.2350387573242,0.074999995529652,1.515101313591,0.142805889248848,-0.091316260397434,0.000328124995576,0.000732539163437,0.001060664188117,0.013644966296852,0.466203987598419,22.330322265625,18.3381233215332,3.0302734375
279,1654506223.92628,892800,36.8202629089355,0.030833333730698,-2.06375527381897,0.027546055614948,-0.091470189392567,0.000115625000035,0.000628275738563,0.000743900658563,0.013099112547934,0.427433580160141,20.6328887939453,18.3150539398193,3.08984375
280,1654506230.38732,896000,39.7037811279297,0.009999999776483,-1.80549073219299,0.017039651051164,-0.091133780777454,3.74999981431756E-05,0.000678005220834,0.000715505273547,0.014290673658252,0.42645275592804,23.2410583496094,18.342306137085,3.7021484375
281,1654506236.8932,899200,39.9356842041016,0.027500001713634,0.103651985526085,0.031807821244001,-0.091238707304001,0.000103125006717,0.000677567673847,0.000780692615081,0.01302230078727,0.453992486000061,21.6529750823975,18.2384853363037,1.5625
282,1654506243.41294,902400,41.5918350219727,0.044358972460032,1.09897339344025,0.063193514943123,-0.090891063213348,0.000180208327947,0.000777335022576,0.00095754332142,0.014288313686848,0.482852339744568,22.3253421783447,18.1952171325684,5.65234375
283,1654506249.77683,905600,40.4032897949219,0.089166663587093,1.45034861564636,0.121176607906818,-0.091703146696091,0.000334374984959,0.000678366806824,0.001012741704471,0.013127261772752,0.434423536062241,20.604320526123,18.3191471099854,3.2880859375
284,1654506257.14494,908800,41.910774230957,0.067435897886753,0.21489916741848,0.063908718526363,-0.090809859335423,0.000273958343314,0.00081420049537,0.00108815880958,0.014879793860018,0.499443173408508,23.5518417358398,18.170934677124,3.046875
285,1654506262.52917,912000,41.2210464477539,0.031388889998198,-0.513893902301788,0.046359211206436,-0.090647637844086,0.000117708332255,0.00081908586435,0.000936794211157,0.016152748838067,0.456761509180069,23.5508460998535,18.2283840179443,4.046875
286,1654506268.04786,915200,39.0952110290527,0,-1.18100571632385,0.019343478605151,-0.091481752693653,0,0.000754808424972,0.000754808424972,0.013935524038971,0.471358567476273,22.167537689209,18.1808166503906,1.2646484375
287,1654506273.64627,918400,41.7355651855469,0.068888887763023,1.27157998085022,0.075343824923039,-0.091074965894222,0.000258333340753,0.000790956488345,0.001049289829098,0.014788775704801,0.477863311767578,22.3267250061035,18.1529922485352,2.875
288,1654506279.4228,921600,38.7253952026367,0,-1.75768828392029,0.021343491971493,-0.091239996254444,0,0.000675271323416,0.000675271323416,0.013678204268217,0.438007473945618,22.2801551818848,18.2728233337402,3.80859375
289,1654506284.94686,924800,38.963451385498,0,-0.194221213459969,0.011697989888489,-0.09181060642004,0,0.000674714392517,0.000674714392517,0.013139354065061,0.443362504243851,20.8892211914062,18.3485641479492,3.9375
290,1654506290.46603,928000,43.5496215820313,0.020512821152806,0.766611337661743,0.034655019640923,-0.09092553704977,8.33333397167735E-05,0.000855370890349,0.00093870429555,0.015357589349151,0.491802215576172,24.3643989562988,18.4748821258545,3.8818359375
291,1654506295.82274,931200,38.0036773681641,0.014545454643667,-0.84296441078186,0.013627160340548,-0.091643124818802,4.99999987368938E-05,0.000645917083602,0.000695917056873,0.013028733432293,0.440956979990006,20.6435279846191,18.2811317443848,5.0625
292,1654506301.12574,934400,39.25390625,0.016944443807006,-0.809244632720947,0.015367238782346,-0.09129998087883,6.35416654404253E-05,0.000664659542963,0.0007282011793,0.013441517017782,0.446192890405655,22.0132350921631,18.125846862793,3.9677734375
293,1654506306.72882,937600,39.6133804321289,0.048717949539423,0.251593768596649,0.039524145424366,-0.091456614434719,0.000197916670004,0.00066775054438,0.000865667243488,0.013439655303955,0.443749934434891,21.0498504638672,18.3638668060303,3.7802734375
294,1654506312.16935,940800,40.2481460571289,0.009999999776483,-0.015425618737936,0.010942846536636,-0.091973893344402,3.74999981431756E-05,0.000651747803204,0.000689247855917,0.012261259369552,0.45514702796936,21.8477897644043,18.4968128204346,4.80859375
295,1654506317.75325,944000,42.0576896667481,0.078461535274983,1.09199464321136,0.034282736480236,-0.091304823756218,0.000318749982398,0.000748473277781,0.001067223260179,0.014125011861324,0.475449323654175,22.7066116333008,18.316104888916,1.5146484375
296,1654506323.20212,947200,41.1375846862793,0,-0.538415610790253,0.014048042707145,-0.091308675706387,0,0.000761327159125,0.000761327159125,0.015143630094826,0.454350352287293,23.6995544433594,18.0537071228027,2.7333984375
297,1654506328.74429,950400,41.9218063354492,0.023333333432674,0.654391825199127,0.038343489170075,-0.091307416558266,8.74999968800694E-05,0.000740101211704,0.000827601179481,0.014113452285528,0.457883536815643,22.9302310943604,18.3901500701904,2.3125
298,1654506333.82729,953600,41.2878303527832,0.026153845712543,0.252162426710129,0.030812872573733,-0.091323390603066,0.000106250001409,0.000738331233151,0.000844581285492,0.013971562497318,0.462964087724686,22.8514060974121,18.2447719573975,4.21484375
299,1654506340.91616,956800,41.5494613647461,0.046666666865349,0.840151071548462,0.048557993024588,-0.091981828212738,0.00017499999376,0.000753980129957,0.000928980123717,0.013414066284895,0.482758611440659,22.2739143371582,18.478816986084,2.796875
300,1654506348.02028,960000,39.0685653686523,0,-1.65551507472992,0.013584935106337,-0.091565504670143,0,0.000654143223073,0.000654143223073,0.013352180831134,0.435115277767181,22.3854999542236,18.416561126709,2.9912109375
301,1654506353.88064,963200,41.5202293395996,0.020833333954215,0.352719008922577,0.024273989722133,-0.091125346720219,7.81249982537702E-05,0.000718206982128,0.00079633196583,0.013348230160773,0.466680616140366,22.6272392272949,18.6071224212646,3.6474609375
302,1654506359.34634,966400,38.8358383178711,0,-0.861344039440155,0.012822105549276,-0.091474987566471,0,0.000622869643848,0.000622869643848,0.011980138719082,0.447355002164841,21.2625160217285,18.5133171081543,3.5537109375
303,1654506364.81408,969600,38.0295639038086,0.080256409943104,-0.718007445335388,0.056185349822044,-0.091959841549397,0.000326041656081,0.000544315727893,0.000870357500389,0.011589852161706,0.412308663129807,20.1003074645996,18.6830368041992,2.08984375
304,1654506370.11167,972800,40.1108093261719,0,0.016381090506911,0.008886120282114,-0.091538645327091,0,0.000668829889037,0.000668829889037,0.013189499266446,0.447407871484757,21.8960475921631,18.2810306549072,4.0625
305,1654506375.74855,976000,38.818000793457,0,-0.019025836139917,0.009620097465813,-0.091710038483143,0,0.000685233157128,0.000685233157128,0.013090941123664,0.45707693696022,20.7486419677734,18.1704730987549,3.52734375
306,1654506381.6347,979200,41.0290031433105,0,-0.614331960678101,0.014001409523189,-0.09128150343895,0,0.000685212144163,0.000685212144163,0.013223482295871,0.444293439388275,23.0055694580078,18.7150459289551,2.1943359375
307,1654506386.99825,982400,40.2455902099609,0.02111111022532,0.811562180519104,0.012832544744015,-0.091722197830677,7.91666680015624E-05,0.000684077735059,0.000763244344853,0.012517612427473,0.469000041484833,21.0024852752686,18.5104351043701,4.5302734375
308,1654506392.35123,985600,41.855224609375,0.012820512987673,0.601436257362366,0.017774749547243,-0.090887904167175,5.20833345944993E-05,0.000768686062656,0.000820769462734,0.014543449506164,0.474528342485428,23.1195430755615,18.2073612213135,5.3125
309,1654506397.68265,988800,38.151237487793,0,-0.603189289569855,0.009207180701196,-0.091649658977985,0,0.000659430341329,0.000659430341329,0.012766032479704,0.45781397819519,20.5726909637451,18.264181137085,3.734375
310,1654506403.94979,992000,41.318115234375,0.027692308649421,0.59380978345871,0.035675331950188,-0.091402761638165,0.000112500005343,0.000733587890863,0.000846087874379,0.013340358622372,0.474043279886246,22.4258708953857,18.3541603088379,3.0625
311,1654506410.94794,995200,40.261344909668,0.032777775079012,0.070703014731407,0.019062599167228,-0.091433003544808,0.000122916666442,0.000716230424587,0.000839147134684,0.012756316922605,0.487308770418167,21.7976551055908,18.4653587341309,3.1162109375
312,1654506416.11931,998400,41.5244598388672,0.052564103156328,0.713447213172913,0.049521666020155,-0.091115139424801,0.000213541672565,0.000744914461393,0.00095845607575,0.013713729567826,0.481528997421265,22.5172538757324,18.3353500366211,1.33984375
313,1654506421.79214,1001600,40.6491012573242,0.040909089148045,0.632055759429932,0.050718266516924,-0.091247968375683,0.000140624993946,0.000613573065493,0.000754198117647,0.012248310260475,0.435598105192184,21.3387985229492,18.7187786102295,4.296875
314,1654506428.08537,1004800,40.1031341552734,0,-0.518756747245789,0.013214122503996,-0.091093935072422,0,0.000753399974201,0.000753399974201,0.013661328703165,0.485636115074158,22.4311351776123,18.2686347961426,3.1875
315,1654506433.14735,1008000,40.403694152832,0.025000000372529,0.114028967916965,0.022844307124615,-0.091123729944229,9.37500008149073E-05,0.000737062597182,0.000830812612548,0.013735570944846,0.471032410860062,22.1874809265137,18.1704635620117,3.421875
316,1654506439.46274,1011200,41.5320129394531,0.049999997019768,0.658911645412445,0.039150629192591,-0.091197766363621,0.000203124989639,0.000750934123062,0.000954059069045,0.013336875475943,0.486164003610611,22.4363174438477,18.4888286590576,4.25
317,1654506444.90662,1014400,40.9732246398926,0.055897437036038,-0.082693435251713,0.057993095368147,-0.090921796858311,0.000227083335631,0.000791526166722,0.001018609502353,0.014495109207928,0.481987804174423,22.7696876525879,18.3191585540771,1.8349609375
318,1654506450.52158,1017600,41.152156829834,0.12444444745779,0.481439799070358,0.042585089802742,-0.091096341609955,0.000466666679131,0.000768944446463,0.001235611154698,0.013543264940381,0.481483846902847,22.2866649627686,18.4325637817383,3.234375
319,1654506456.72074,1020800,38.4017601013184,0,-1.26869487762451,0.012896165251732,-0.091115392744541,0,0.000656511983834,0.000656511983834,0.013559048064053,0.439962893724442,21.6345100402832,18.114164352417,2.3349609375
320,1654506463.38716,1024000,40.3157424926758,0,-0.533315598964691,0.018051059916616,-0.091020666062832,0,0.000783980241977,0.000783980241977,0.014279127120972,0.483660966157913,22.7626647949219,18.1593608856201,2.55859375
321,1654506471.00338,1027200,39.7361946105957,0.068333335220814,0.237837940454483,0.02645979449153,-0.0911118760705,0.000256250001257,0.000708418781869,0.00096466881223,0.013351514004171,0.472841680049896,21.3226718902588,18.2403373718262,5.6474609375
322,1654506476.0571,1030400,43.993839263916,0.078611105680466,2.26880073547363,0.062964126467705,-0.090714029967785,0.000294791650958,0.000839167099912,0.001133958809078,0.014840590767562,0.502706527709961,23.4598808288574,18.2929077148437,3.3974609375
323,1654506481.67557,1033600,42.5852355957031,0.116190478205681,1.88805592060089,0.147339820861816,-0.091292552649975,0.000508333323523,0.000768908997998,0.001277242321521,0.013911141082645,0.484748244285584,22.4094009399414,18.2317333221436,3.5537109375
324,1654506487.26454,1036800,38.5416870117187,0.023333333432674,-1.00349009037018,0.018202042207122,-0.091469332575798,8.74999968800694E-05,0.000675418763421,0.000762918731198,0.013359861448407,0.447803616523743,21.4210929870605,18.1973514556885,3.68359375
325,1654506492.67461,1040000,38.6177139282227,0,-1.27376019954681,0.017249297350645,-0.0910934060812,0,0.000674786570016,0.000674786570016,0.012982899323106,0.458608031272888,21.5621166229248,18.4032039642334,2.5625
326,1654506498.88746,1043200,40.0013236999512,0.045000001788139,0.355331152677536,0.045519609004259,-0.091244280338287,0.000168750004377,0.000677517033182,0.000846267037559,0.012501121498644,0.468674629926681,21.2296390533447,18.4620780944824,2.5615234375
327,1654506504.38153,1046400,37.6682739257812,0.013333333656192,-1.12288010120392,0.018151771277189,-0.091525696218014,5.41666668141261E-05,0.00064857234247,0.00070273905294,0.012288334779441,0.450898677110672,20.6049499511719,18.2595806121826,2.80859375
328,1654506510.21276,1049600,38.341667175293,0.064722217619419,0.127395883202553,0.160802066326141,-0.091746300458908,0.00024270832364,0.000554246304091,0.000796954613179,0.011566687375307,0.415809661149979,19.704761505127,18.4404544830322,3.2177734375
329,1654506516.30039,1052800,41.3007431030273,0.068205125629902,1.71917259693146,0.100574344396591,-0.091247923672199,0.000277083338005,0.000743732089177,0.001020815456286,0.013662742450833,0.484814614057541,21.3659515380859,18.2062911987305,2.1787109375
330,1654506521.95608,1056000,38.2545471191406,0.056363638490439,-0.775393724441528,0.034532636404038,-0.091478563845158,0.000193750005565,0.000649475376122,0.000843225512654,0.012715778313577,0.450639575719833,20.7660961151123,18.3207912445068,4.3125
331,1654506528.58275,1059200,38.3969879150391,0.028205128386617,-0.808463990688324,0.027225401252508,-0.091289684176445,0.000114583337563,0.000672479334753,0.00078706262866,0.012603673152626,0.470196306705475,20.8659343719482,18.4035816192627,3.796875
332,1654506535.24188,1062400,41.2173309326172,0.10309524089098,1.92910468578339,0.181118950247765,-0.091559693217278,0.000451041647466,0.000707210507244,0.001158252125606,0.012499772012234,0.482232213020325,20.8194255828857,18.3792419433594,3.4130859375
333,1654506541.3575,1065600,39.3097381591797,0.038787879049778,-0.531961500644684,0.023038160055876,-0.091269671916962,0.000133333334816,0.000681537087075,0.000814870349132,0.013006593100727,0.453481793403626,21.4756889343262,18.4342422485352,2.7880859375
334,1654506548.03648,1068800,37.1942825317383,0,-1.46323442459106,0.012530290521681,-0.091491281986237,0,0.000646143686026,0.000646143686026,0.012794315814972,0.451436191797257,20.5286865234375,18.2077922821045,3.8037109375
335,1654506555.36777,1072000,39.0039901733398,0,-1.12786269187927,0.017664432525635,-0.09098581969738,0,0.000738393864594,0.000738393864594,0.013323280028999,0.477243959903717,21.7637214660645,18.4414501190186,2.5927734375
336,1654506562.78507,1075200,37.650276184082,0.013888888992369,-1.08924651145935,0.01739938557148,-0.091151475906372,5.20833345944993E-05,0.000640341022518,0.000692424422596,0.01246402785182,0.455742478370667,20.528507232666,18.2847671508789,3.75
337,1654506569.31811,1078400,37.8096237182617,0,-0.880740225315094,0.015391695313156,-0.091471150517464,0,0.000627823639661,0.000627823639661,0.012390724383295,0.43896484375,20.4665412902832,18.2999019622803,4.2880859375
338,1654506577.08191,1081600,38.9314422607422,0,-1.49742329120636,0.023544277995825,-0.090401157736778,0,0.00072720850585,0.00072720850585,0.01401231251657,0.463308155536652,22.2394561767578,18.2562637329102,4.43359375
339,1654506584.93955,1084800,40.3514938354492,0.040277779102326,0.831327319145203,0.029242906719446,-0.09132581204176,0.000151041676872,0.000721229996998,0.000872271659318,0.012726011686027,0.486312210559845,21.1822414398193,18.4000091552734,2.921875
340,1654506591.22335,1088000,37.445972442627,0.028461538255215,-1.14724564552307,0.037569746375084,-0.091356605291367,0.000115625000035,0.000561018881854,0.000676643860061,0.011838062666357,0.42491227388382,20.238525390625,18.4084796905518,4.3115234375
341,1654506598.92186,1091200,36.5925903320313,0,-1.60433948040009,0.010205781087279,-0.091386787593365,0,0.000547271803953,0.000547271803953,0.011988875456154,0.416823297739029,20.0791664123535,18.1989421844482,3.6943359375
342,1654506606.32134,1094400,41.3182067871094,0.108461536467075,1.44447159767151,0.102574601769447,-0.090796172618866,0.000440624979092,0.000677191826981,0.001117816776969,0.013070379383862,0.448868900537491,21.583158493042,18.2787971496582,2.734375
343,1654506613.07357,1097600,41.7024192810059,0.098333328962326,2.21318197250366,0.080594286322594,-0.091242216527462,0.000368749984773,0.000713754445314,0.001082504400983,0.012988865375519,0.471753805875778,21.1702060699463,18.3296794891357,4.0537109375
