# _tick,_time,frames,total_loss,mean_episode_return,pg_loss,baseline_loss,entropy_loss,rnd_loss,mean_rewards,mean_intrinsic_rewards,mean_total_rewards
0,1654516556.14997,0,170.59700012207,0,146.42024230957,23.2652645111084,-0.194449499249458,1.10593914985657,0,0.039164587855339,0.039164587855339
1,1654516599.10553,3200,-1.69819796085358,0.031510416418314,-22.1791458129883,19.6136379241943,-0.19040983915329,1.0577198266983,0.000118164069136,0.040275041013956,0.040393203496933
2,1654516632.55616,6400,28.7332286834717,0,26.3697891235352,1.50851714611053,-0.174586072564125,1.02950811386108,0,0.050160691142082,0.050160691142082
3,1654516674.22279,9600,13.2738838195801,0,9.02579402923584,3.42423915863037,-0.174159944057465,0.998011112213135,0,0.045097082853317,0.045097082853317
4,1654516715.00172,12800,7.5359992980957,0,3.78116917610168,2.90498161315918,-0.12530916929245,0.975157856941223,0,0.040326379239559,0.040326379239559
5,1654516757.22424,16000,9.58126831054688,0,6.46800756454468,2.28042364120483,-0.128298416733742,0.961136162281036,0,0.050131682306528,0.050131682306528
6,1654516793.5142,19200,9.35031890869141,0,-1.84411358833313,10.3607625961304,-0.111843094229698,0.945512473583221,0,0.057129096239805,0.057129096239805
7,1654516836.93636,22400,2.20005226135254,0,-0.334635019302368,1.67022514343262,-0.067313902080059,0.931776106357574,0,0.044191423803568,0.044191423803568
8,1654516877.79313,25600,3.01418113708496,0,0.720796585083008,1.40105438232422,-0.041746705770493,0.93407678604126,0,0.047810718417168,0.047810718417168
9,1654516916.46856,28800,2.03496408462524,0,-5.0452151298523,6.20348024368286,-0.04574815183878,0.922446966171265,0,0.038750510662794,0.038750510662794
10,1654516960.5109,32000,12.3400049209595,0,4.13490438461304,7.35824108123779,-0.070422157645226,0.917282462120056,0,0.028898641467095,0.028898641467095
11,1654517003.18603,35200,0.528011679649353,0,-0.46671724319458,0.177710622549057,-0.086191043257713,0.903209328651428,0,0.022901887074113,0.022901887074113
12,1654517047.57751,38400,1.430748462677,0,0.304663717746735,0.298662394285202,-0.064706154167652,0.892128467559814,0,0.030397016555071,0.030397016555071
13,1654517087.39142,41600,2.52193713188171,0,-0.438946038484573,2.15322685241699,-0.06239864230156,0.870054960250855,0,0.036656152456999,0.036656152456999
14,1654517126.99896,44800,13.6761627197266,0,9.14644432067871,3.79189252853394,-0.104730159044266,0.842556357383728,0,0.038818765431643,0.038818765431643
15,1654517167.21968,48000,2.84143304824829,0,1.71654832363129,0.386292189359665,-0.087847836315632,0.826440513134003,0,0.032011725008488,0.032011725008488
16,1654517207.91628,51200,3.68652248382568,0,2.07366919517517,0.87196010351181,-0.082609117031097,0.82350218296051,0,0.038525763899088,0.038525763899088
17,1654517250.69903,54400,2.70418739318848,0,-1.37207114696503,3.33668255805969,-0.087310090661049,0.826885998249054,0,0.0448291413486,0.0448291413486
18,1654517287.07231,57600,14.796799659729,0,2.41399645805359,11.6559429168701,-0.097253739833832,0.82411390542984,0,0.045711383223534,0.045711383223534
19,1654517325.10088,60800,2.68111824989319,0,0.825071573257446,1.13363599777222,-0.092350952327252,0.814761579036713,0,0.046393934637308,0.046393934637308
20,1654517362.97032,64000,0.643886029720306,0,-0.943168342113495,0.863011658191681,-0.079991407692432,0.804034113883972,0,0.036110933870077,0.036110933870077
21,1654517402.61716,67200,3.56200551986694,0,-0.574235379695892,3.40815162658691,-0.06386686116457,0.791956305503845,0,0.043636165559292,0.043636165559292
22,1654517444.54407,70400,9.40577507019043,0,-4.24096632003784,12.9418659210205,-0.073594190180302,0.778469800949097,0,0.045638170093298,0.045638170093298
23,1654517482.91725,73600,3.86309909820557,0,2.27006459236145,0.905438780784607,-0.084785677492619,0.772381663322449,0,0.039417196065188,0.039417196065188
24,1654517521.58045,76800,2.78464674949646,0,1.40572464466095,0.692041277885437,-0.079701445996761,0.766582310199737,0,0.043355189263821,0.043355189263821
25,1654517562.87944,80000,4.82767009735107,0,0.716568648815155,3.44432950019836,-0.086886040866375,0.753657698631287,0,0.044753801077604,0.044753801077604
26,1654517603.68881,83200,13.1260442733765,0,2.47905564308166,9.99934577941895,-0.093057729303837,0.740700662136078,0,0.043398160487414,0.043398160487414
27,1654517642.74573,86400,3.37835741043091,0,1.29870903491974,1.44307065010071,-0.092464834451676,0.729042410850525,0,0.04163583740592,0.04163583740592
28,1654517685.00885,89600,3.40840458869934,0,1.71867060661316,1.05643129348755,-0.083290420472622,0.716593027114868,0,0.04035833850503,0.04035833850503
29,1654517727.46917,92800,2.17074108123779,0,-3.02914977073669,4.5728440284729,-0.076437890529633,0.703484654426575,0,0.041870344430208,0.041870344430208
30,1654517764.4092,96000,10.4395751953125,0,-0.439641863107681,10.2588500976563,-0.072323836386204,0.692691206932068,0,0.038751944899559,0.038751944899559
31,1654517805.01867,99200,1.98521399497986,0,0.771649777889252,0.595872461795807,-0.063040696084499,0.680732548236847,0,0.042591162025929,0.042591162025929
32,1654517846.42942,102400,2.12070417404175,0,0.987466037273407,0.504245936870575,-0.041124671697617,0.670117020606995,0,0.043685331940651,0.043685331940651
33,1654517889.88225,105600,4.47524166107178,0,-13.310320854187,17.1953945159912,-0.06861836463213,0.658786237239838,0,0.0351339019835,0.0351339019835
34,1654517927.75143,108800,2.19784879684448,0,0.583397269248962,1.04311943054199,-0.077824339270592,0.649156510829926,0,0.031819246709347,0.031819246709347
35,1654517965.62274,112000,1.82091069221497,0,0.280453085899353,0.97269344329834,-0.069756500422955,0.637520670890808,0,0.032809372991324,0.032809372991324
36,1654518002.92874,115200,4.86274194717407,0,1.01279819011688,3.29127240180969,-0.065271161496639,0.623942971229553,0,0.035534974187613,0.035534974187613
37,1654518044.5325,118400,3.82705092430115,0,1.33374500274658,1.92888915538788,-0.050428129732609,0.614844799041748,0,0.043824471533299,0.043824471533299
38,1654518085.42819,121600,3.22082948684692,0,-1.65348768234253,4.32883262634277,-0.055381469428539,0.600866079330444,0,0.036174565553665,0.036174565553665
39,1654518129.45373,124800,7.2827467918396,0,1.1027524471283,5.64655923843384,-0.05693120136857,0.590366542339325,0,0.036754615604878,0.036754615604878
40,1654518163.69887,128000,2.43472671508789,0,1.03515863418579,0.875765323638916,-0.054942321032286,0.578745126724243,0,0.036244168877602,0.036244168877602
41,1654518200.62423,131200,1.63240933418274,0,0.167973339557648,0.95289945602417,-0.052491508424282,0.564028084278107,0,0.030460197478533,0.030460197478533
42,1654518236.75666,134400,0.500275075435638,0,-2.27925491333008,2.27905297279358,-0.058475770056248,0.558952808380127,0,0.029948405921459,0.029948405921459
43,1654518276.38658,137600,1.47909569740295,0,-0.301491886377335,1.24842476844788,-0.016493890434504,0.548656702041626,0,0.027547532692552,0.027547532692552
44,1654518312.43683,140800,1.28994560241699,0,0.057925380766392,0.721012651920319,-0.024937234818935,0.535944759845734,0,0.030073333531618,0.030073333531618
45,1654518355.90662,144000,0.561908841133118,0,-2.17865204811096,2.25623416900635,-0.044947355985642,0.529274046421051,0,0.01774462684989,0.01774462684989
46,1654518392.96026,147200,-0.081450164318085,0,-0.696979284286499,0.17517326772213,-0.076951071619988,0.517306923866272,0,0.008599395863712,0.008599395863712
47,1654518436.43441,150400,0.681343853473663,0,0.011700630187988,0.228448078036308,-0.061526894569397,0.502722024917603,0,0.015750680118799,0.015750680118799
48,1654518479.96119,153600,3.55863356590271,0,1.43614828586578,1.68756353855133,-0.057555302977562,0.492476999759674,0,0.024959808215499,0.024959808215499
49,1654518520.63884,156800,14.6045427322388,0,5.73175239562988,8.45117950439453,-0.058306455612183,0.479917407035828,0,0.033137038350105,0.033137038350105
50,1654518561.6476,160000,1.43660378456116,0,-2.15843343734741,3.19111919403076,-0.067376427352429,0.471294403076172,0,0.02927435003221,0.02927435003221
51,1654518603.32843,163200,5.79888582229614,0,0.021777730435133,5.3884072303772,-0.070620186626911,0.459320902824402,0,0.029070608317852,0.029070608317852
52,1654518643.22789,166400,3.66112232208252,0,2.24237132072449,1.04577171802521,-0.073050953447819,0.446030080318451,0,0.033725708723068,0.033725708723068
53,1654518681.1493,169600,5.0870099067688,0,2.99230313301086,1.72939455509186,-0.071309879422188,0.436622232198715,0,0.038551330566406,0.038551330566406
54,1654518724.29502,172800,2.78194212913513,0,-4.6887001991272,7.11963748931885,-0.073880776762962,0.424885451793671,0,0.031185274943709,0.031185274943709
55,1654518768.93529,176000,2.76088380813599,0,1.31501388549805,1.1072610616684,-0.073314227163792,0.41192290186882,0,0.033150631934404,0.033150631934404
56,1654518810.00606,179200,2.12628817558289,0,0.658229410648346,1.1365065574646,-0.071989446878433,0.403541654348373,0,0.031747967004776,0.031747967004776
57,1654518853.13037,182400,3.25143718719482,0,-2.56507802009583,5.50028944015503,-0.075693443417549,0.391919046640396,0,0.03274866938591,0.03274866938591
58,1654518893.19184,185600,3.07955431938171,0,0.121284507215023,2.64950942993164,-0.073938466608524,0.382698744535446,0,0.029485207051039,0.029485207051039
59,1654518929.95351,188800,4.80011177062988,0,1.89168357849121,2.61369800567627,-0.074264578521252,0.368994683027267,0,0.027293484658003,0.027293484658003
60,1654518967.77225,192000,-0.585813760757446,0,-2.88738346099854,2.01786303520203,-0.076437413692474,0.360144108533859,0,0.026637656614184,0.026637656614184
61,1654519007.86799,195200,0.846123397350311,0,-0.122196890413761,0.693577408790588,-0.074590414762497,0.349333316087723,0,0.0243289321661,0.0243289321661
62,1654519045.46929,198400,-0.212718784809113,0,-1.88779187202454,1.4041211605072,-0.071221671998501,0.342173576354981,0,0.024366475641728,0.024366475641728
63,1654519086.11334,201600,0.002845883369446,0,-2.04821419715881,1.79177665710449,-0.072529084980488,0.331812500953674,0,0.024485586211085,0.024485586211085
64,1654519121.91045,204800,4.01379919052124,0,0.821005284786224,2.94192385673523,-0.071866303682327,0.322736203670502,0,0.024633968248963,0.024633968248963
65,1654519159.74511,208000,5.05191898345947,0,1.14097261428833,3.67151522636414,-0.073515810072422,0.312947422266007,0,0.022156512364745,0.022156512364745
66,1654519196.4512,211200,-3.73759579658508,0,-6.29422616958618,2.33635544776916,-0.085776813328266,0.306051909923553,0,0.017698252573609,0.017698252573609
67,1654519235.87443,214400,5.11016273498535,0,3.86166763305664,1.04150176048279,-0.089038424193859,0.296031266450882,0,0.022502003237605,0.022502003237605
68,1654519274.49296,217600,10.6760625839233,0,6.28845262527466,4.17891979217529,-0.077684074640274,0.286373853683472,0,0.025334257632494,0.025334257632494
69,1654519311.22981,220800,1.69192707538605,0,-4.72284507751465,6.21659374237061,-0.081736944615841,0.279915302991867,0,0.026305550709367,0.026305550709367
70,1654519348.93476,224000,2.83572626113892,0,0.779089510440826,1.87576818466187,-0.088726095855236,0.269594579935074,0,0.020527454093099,0.020527454093099
71,1654519388.27872,227200,1.8407541513443,0,0.804729342460632,0.870028376579285,-0.097038455307484,0.263034969568253,0,0.024376774206758,0.024376774206758
72,1654519432.16706,230400,0.975448310375214,0,-0.794450163841248,1.6019195318222,-0.092523612082005,0.260502576828003,0,0.024329222738743,0.024329222738743
73,1654519476.18551,233600,0.643954575061798,0,-1.64379501342773,2.13222980499268,-0.095838345587254,0.25135812163353,0,0.02187354490161,0.02187354490161
74,1654519515.35008,236800,2.61047124862671,0,0.347774624824524,2.10936784744263,-0.092805780470371,0.246134832501411,0,0.019365232437849,0.019365232437849
75,1654519551.74969,240000,1.72689938545227,0,0.045996192842722,1.53695809841156,-0.096199333667755,0.240144535899162,0,0.022007150575519,0.022007150575519
76,1654519595.15625,243200,-1.13580131530762,0,-2.68028521537781,1.40306925773621,-0.090577267110348,0.231991901993752,0,0.017864106222987,0.017864106222987
77,1654519633.51424,246400,0.610423922538757,0,0.00266630994156,0.461838483810425,-0.085490204393864,0.231409341096878,0,0.021250123158097,0.021250123158097
78,1654519673.98381,249600,2.10366821289062,0,0.773177027702331,1.19143974781036,-0.08950074762106,0.228552207350731,0,0.020830096676946,0.020830096676946
79,1654519713.67836,252800,-1.8032191991806,0,-3.1383159160614,1.20487129688263,-0.089085429906845,0.219310909509659,0,0.0178999658674,0.0178999658674
80,1654519754.31564,256000,1.43705105781555,0,0.324802160263061,0.974380552768707,-0.079643160104752,0.217511534690857,0,0.017518112435937,0.017518112435937
81,1654519791.63489,259200,1.41357886791229,0,-0.714805781841278,1.98577344417572,-0.073404833674431,0.21601590514183,0,0.020152606070042,0.020152606070042
82,1654519828.50802,262400,0.648924589157105,0,-2.18870139122009,2.69949769973755,-0.075287722051144,0.213416010141373,0,0.017340628430247,0.017340628430247
83,1654519866.72858,265600,7.9673957824707,0,6.28384637832642,1.54942297935486,-0.073327407240868,0.207454115152359,0,0.021067613735795,0.021067613735795
84,1654519907.55262,268800,-5.99796581268311,0,-10.5138540267944,4.38518047332764,-0.076291479170323,0.206999391317368,0,0.016704557463527,0.016704557463527
85,1654519945.68308,272000,9.19287014007568,0,6.6894645690918,2.37655878067017,-0.076637655496597,0.203484624624252,0,0.019407726824284,0.019407726824284
86,1654519986.55174,275200,-1.78838706016541,0,-4.93383836746216,3.03021287918091,-0.083460375666618,0.198698744177818,0,0.018967056646943,0.018967056646943
87,1654520024.4276,278400,3.09308290481567,0,0.956734418869019,2.01870656013489,-0.085415899753571,0.203057825565338,0,0.018651593476534,0.018651593476534
88,1654520060.66593,281600,-0.084479734301567,0,-1.81165361404419,1.61835432052612,-0.091736048460007,0.200555607676506,0,0.017212314531207,0.017212314531207
89,1654520099.19724,284800,-0.134421825408936,0,-1.8944650888443,1.65290546417236,-0.090957440435886,0.198095232248306,0,0.017891474068165,0.017891474068165
90,1654520140.00915,288000,-1.01645338535309,0,-1.59412384033203,0.463240414857864,-0.090482667088509,0.204912796616554,0,0.013816040940583,0.013816040940583
91,1654520180.35899,291200,1.12095379829407,0,0.620195806026459,0.387032449245453,-0.086517326533794,0.200242921710014,0,0.017423750832677,0.017423750832677
92,1654520219.58624,294400,2.86137294769287,0,1.29329025745392,1.46228456497192,-0.09259170293808,0.198390081524849,0,0.017358869314194,0.017358869314194
93,1654520257.08844,297600,0.711686611175537,0,-0.13612499833107,0.742633521556854,-0.093142673373222,0.198320806026459,0,0.015518307685852,0.015518307685852
94,1654520292.52451,300800,0.418177872896194,0,-0.258050352334976,0.56943541765213,-0.089350834488869,0.196143642067909,0,0.016084142029286,0.016084142029286
95,1654520331.19627,304000,0.880128562450409,0,-0.561385035514832,1.33367800712585,-0.089526429772377,0.197361990809441,0,0.018284682184458,0.018284682184458
96,1654520370.49679,307200,2.48815941810608,0,0.404212325811386,1.9710865020752,-0.083440557122231,0.196301117539406,0,0.019395753741264,0.019395753741264
97,1654520410.6976,310400,-1.45062375068665,0,-2.74688315391541,1.18049359321594,-0.076612077653408,0.192377910017967,0,0.016160156577826,0.016160156577826
98,1654520447.77455,313600,1.31189262866974,0,0.192514434456825,1.00037848949432,-0.078304097056389,0.197303727269173,0,0.017020456492901,0.017020456492901
99,1654520483.87162,316800,5.61992502212524,0,4.1216311454773,1.37986671924591,-0.075523369014263,0.193950638175011,0,0.021446719765663,0.021446719765663
100,1654520522.90598,320000,-1.16536700725555,0,-2.42682766914368,1.14974200725555,-0.081218965351582,0.192937582731247,0,0.016728259623051,0.016728259623051
101,1654520562.41335,323200,0.588370203971863,0,0.145194619894028,0.330539464950561,-0.081805966794491,0.194442078471184,0,0.017396416515112,0.017396416515112
102,1654520599.94275,326400,2.36565899848938,0,0.847328364849091,1.4053612947464,-0.080423399806023,0.193392693996429,0,0.020291117951274,0.020291117951274
103,1654520638.72891,329600,-1.56260859966278,0,-4.23200559616089,2.56066823005676,-0.085909187793732,0.194637924432754,0,0.018141938373447,0.018141938373447
104,1654520674.4058,332800,2.91260600090027,0,1.65106928348541,1.160724401474,-0.090841233730316,0.191653445363045,0,0.017669029533863,0.017669029533863
105,1654520715.03065,336000,0.288007706403732,0,-0.639807343482971,0.834866404533386,-0.095699593424797,0.188648238778114,0,0.017516180872917,0.017516180872917
106,1654520753.35411,339200,1.75781726837158,0,1.19992780685425,0.46178263425827,-0.092423006892204,0.188529774546623,0,0.019156891852617,0.019156891852617
107,1654520797.60065,342400,3.04990696907043,0,2.19197511672974,0.758175730705261,-0.091519460082054,0.191275328397751,0,0.021562643349171,0.021562643349171
108,1654520840.65294,345600,-0.703969478607178,0,-3.20618510246277,2.41042375564575,-0.09909899532795,0.190890848636627,0,0.01978812366724,0.01978812366724
109,1654520882.49135,348800,4.06724166870117,0,2.05779337882996,1.91279351711273,-0.091784819960594,0.18843936920166,0,0.021745843812823,0.021745843812823
110,1654520924.56611,352000,-2.25491261482239,0,-4.19270372390747,1.8457738161087,-0.098659545183182,0.190676867961884,0,0.018371691927314,0.018371691927314
111,1654520961.88373,355200,3.38691568374634,0,2.5940158367157,0.680762350559235,-0.080543376505375,0.192680776119232,0,0.021985370665789,0.021985370665789
112,1654520999.14855,358400,0.308833688497543,0,-1.54688310623169,1.74891257286072,-0.083564929664135,0.190369144082069,0,0.019517462700605,0.019517462700605
113,1654521044.47212,361600,-0.061471179127693,0,-1.47392082214355,1.3094390630722,-0.087023258209229,0.190033838152885,0,0.017979169264436,0.017979169264436
114,1654521098.41435,364800,1.18445301055908,0,-1.3142226934433,2.3949761390686,-0.082853592932224,0.186553180217743,0,0.020065041258931,0.020065041258931
115,1654521159.3818,368000,4.07341480255127,0,2.4506254196167,1.50119233131409,-0.070753306150436,0.192350506782532,0,0.020217545330525,0.020217545330525
116,1654521215.66121,371200,1.2756062746048,0,0.148970514535904,1.01071572303772,-0.07168884575367,0.187608972191811,0,0.020040772855282,0.020040772855282
117,1654521272.24421,374400,-0.051562666893005,0,-0.945273458957672,0.779279708862305,-0.071838483214378,0.18626956641674,0,0.018569255247712,0.018569255247712
118,1654521328.68499,377600,0.113878473639488,0,-1.23596048355103,1.23825228214264,-0.072677657008171,0.184264332056046,0,0.01885436847806,0.01885436847806
119,1654521381.23853,380800,0.085639767348766,0,-1.44951844215393,1.42933404445648,-0.082496128976345,0.18832029402256,0,0.017192795872688,0.017192795872688
120,1654521438.10582,384000,1.9692667722702,0,1.07304513454437,0.795085370540619,-0.089383393526077,0.190519660711288,0,0.017907524481416,0.017907524481416
121,1654521498.80126,387200,0.405612260103226,0,-0.282557547092438,0.593163788318634,-0.09325485676527,0.18826088309288,0,0.016417337581515,0.016417337581515
122,1654521553.94489,390400,-0.00829242169857,0,-0.766715228557587,0.664726376533508,-0.093004122376442,0.18670055270195,0,0.018507147207856,0.018507147207856
123,1654521611.96318,393600,0.552387058734894,0,-0.623789310455322,1.07941854000092,-0.090793646872044,0.187551483511925,0,0.01689781807363,0.01689781807363
124,1654521667.86508,396800,4.69014883041382,0,2.09386301040649,2.49358081817627,-0.083838537335396,0.186543613672257,0,0.020368747413159,0.020368747413159
125,1654521724.95129,400000,-0.286518782377243,0,-1.70753109455109,1.32535445690155,-0.093087449669838,0.18874529004097,0,0.020223461091518,0.020223461091518
126,1654521785.63436,403200,0.546146929264069,0,-0.25333371758461,0.689863920211792,-0.076364792883396,0.185981497168541,0,0.021289851516485,0.021289851516485
127,1654521843.9418,406400,1.29102194309235,0,0.374488264322281,0.811071693897247,-0.079066850244999,0.184528782963753,0,0.021456852555275,0.021456852555275
128,1654521902.78745,409600,-3.21314859390259,0,-5.64387083053589,2.33065390586853,-0.081036016345024,0.181104451417923,0,0.016644574701786,0.016644574701786
129,1654521960.83503,412800,6.66987371444702,0,5.64148902893066,0.932214319705963,-0.083605580031872,0.179776012897491,0,0.019543724134564,0.019543724134564
130,1654522013.7529,416000,1.61811983585358,0,0.395671397447586,1.12063252925873,-0.079028323292732,0.18084429204464,0,0.021433141082525,0.021433141082525
131,1654522052.51347,419200,-0.420849502086639,0,-1.65344548225403,1.1292130947113,-0.073852390050888,0.177235305309296,0,0.019228782504797,0.019228782504797
132,1654522098.73223,422400,1.16153633594513,0,-0.460296630859375,1.51054310798645,-0.066132746636868,0.177422612905502,0,0.018679523840547,0.018679523840547
133,1654522143.81547,425600,0.816377639770508,0,-1.32748055458069,2.03458142280579,-0.067245855927467,0.176522582769394,0,0.016921136528254,0.016921136528254
134,1654522180.50734,428800,2.12722253799438,0,0.545222938060761,1.4734913110733,-0.068661786615849,0.177170127630234,0,0.018516432493925,0.018516432493925
135,1654522218.5123,432000,3.14624691009521,0,1.2829521894455,1.75574910640717,-0.072578214108944,0.180123791098595,0,0.020327577367425,0.020327577367425
136,1654522258.5041,435200,2.59586906433105,0,1.17680358886719,1.31720888614655,-0.079595245420933,0.181452006101608,0,0.020905647426844,0.020905647426844
137,1654522297.51933,438400,-2.84917640686035,0,-4.84233951568604,1.89886379241943,-0.08442123234272,0.178720355033874,0,0.01672044582665,0.01672044582665
138,1654522337.27871,441600,7.98405504226685,0,6.33622884750366,1.54685139656067,-0.077495247125626,0.178469434380531,0,0.022992977872491,0.022992977872491
139,1654522377.69185,444800,-0.65347957611084,0,-3.11263465881348,2.36510825157166,-0.088612519204617,0.182659298181534,0,0.021062878891826,0.021062878891826
140,1654522422.0202,448000,0.621252298355103,0,-1.84796512126923,2.36831474304199,-0.077991038560867,0.178893715143204,0,0.020317843183875,0.020317843183875
141,1654522464.11664,451200,3.18709588050842,0,1.01333010196686,2.07350015640259,-0.080414228141308,0.180680096149445,0,0.019861152395606,0.019861152395606
142,1654522507.61625,454400,0.122384525835514,0,-1.72064626216888,1.74727988243103,-0.082169629633427,0.177920535206795,0,0.01949966698885,0.01949966698885
143,1654522548.07276,457600,-0.748610377311706,0,-3.69585800170898,2.84865474700928,-0.078256703913212,0.176849573850632,0,0.016075555235148,0.016075555235148
144,1654522587.65711,460800,4.20302820205689,0,2.25129961967468,1.85079312324524,-0.073578380048275,0.17451374232769,0,0.01839617267251,0.01839617267251
145,1654522629.27831,464000,1.70627355575562,0,0.468536227941513,1.14027428627014,-0.077661164104939,0.175124123692512,0,0.018073005601764,0.018073005601764
146,1654522674.9922,467200,2.87175488471985,0,1.1098335981369,1.6693606376648,-0.081314526498318,0.173874989151955,0,0.017733013257384,0.017733013257384
147,1654522716.57328,470400,0.75792384147644,0,-0.314629763364792,0.98708713054657,-0.086874298751354,0.172340780496597,0,0.018416795879603,0.018416795879603
148,1654522757.82093,473600,1.13798129558563,0,-0.960325479507446,2.01042795181274,-0.086596548557282,0.174475401639938,0,0.018340192735195,0.018340192735195
149,1654522799.45384,476800,3.7805643081665,0,2.74598431587219,0.942129135131836,-0.083501242101193,0.175952181220055,0,0.021496390923858,0.021496390923858
150,1654522844.88693,480000,0.841799199581146,0,-0.632053136825562,1.38778626918793,-0.090163983404636,0.17623008787632,0,0.020500104874373,0.020500104874373
151,1654522888.89861,483200,0.741204857826233,0,-1.04502427577972,1.69795215129852,-0.08537495136261,0.173651918768883,0,0.019833261147142,0.019833261147142
152,1654522931.17778,486400,1.04298114776611,0,-0.717767059803009,1.66517615318298,-0.080121278762817,0.175693303346634,0,0.01828202046454,0.01828202046454
153,1654522972.63392,489600,0.181936144828796,0,-0.786899745464325,0.881723880767822,-0.086942180991173,0.174054190516472,0,0.018916761502624,0.018916761502624
154,1654523015.77412,492800,-0.020160242915154,0,-0.709102153778076,0.59620875120163,-0.082793883979321,0.175527051091194,0,0.018843417987228,0.018843417987228
155,1654523058.83648,496000,2.85330367088318,0,1.65675055980682,1.10279083251953,-0.08037069439888,0.174132883548737,0,0.020918138325214,0.020918138325214
156,1654523100.97323,499200,0.119311772286892,0,-3.54575634002686,3.57583069801331,-0.082659609615803,0.171897023916245,0,0.020323986187577,0.020323986187577
157,1654523138.92714,502400,5.33039951324463,0,4.24843311309814,0.982576251029968,-0.073193743824959,0.17258358001709,0,0.020150259137154,0.020150259137154
158,1654523189.0751,505600,-1.68849635124207,0,-3.73285293579102,1.95733296871185,-0.083589188754559,0.170612752437592,0,0.018112074583769,0.018112074583769
159,1654523248.77942,508800,5.31231594085693,0,3.74193525314331,1.48002672195435,-0.081117585301399,0.171471372246742,0,0.021389594301581,0.021389594301581
160,1654523311.93551,512000,-2.64763021469116,0,-4.83458280563355,2.09708571434021,-0.080447413027287,0.170314326882362,0,0.017298692837358,0.017298692837358
161,1654523366.12447,515200,0.451358318328857,0,-0.464462995529175,0.810252964496612,-0.068571195006371,0.17413954436779,0,0.018734652549028,0.018734652549028
162,1654523423.60421,518400,1.55210328102112,0,0.306869804859161,1.14456236362457,-0.069418780505657,0.170089870691299,0,0.018716001883149,0.018716001883149
163,1654523482.52107,521600,2.87350487709045,0,0.438772052526474,2.33405518531799,-0.069909192621708,0.170586809515953,0,0.019017301499844,0.019017301499844
164,1654523540.12121,524800,1.54207718372345,0,0.160201951861382,1.28303492069244,-0.070549637079239,0.169389992952347,0,0.02016088925302,0.02016088925302
165,1654523586.82351,528000,1.40879619121552,0,0.72379469871521,0.591048300266266,-0.073726557195187,0.167679771780968,0,0.020738147199154,0.020738147199154
166,1654523624.06403,531200,-3.24648094177246,0,-5.41859006881714,2.08027386665344,-0.079640328884125,0.171475633978844,0,0.017662141472101,0.017662141472101
167,1654523661.08266,534400,1.64027655124664,0,0.806439995765686,0.737015128135681,-0.07266915589571,0.169490605592728,0,0.017627479508519,0.017627479508519
168,1654523700.41086,537600,0.256392151117325,0,-0.476502358913422,0.637380957603455,-0.073848307132721,0.169361859560013,0,0.016329981386662,0.016329981386662
169,1654523740.0205,540800,2.14749550819397,0,1.34610438346863,0.705366492271423,-0.071400783956051,0.167425572872162,0,0.018191346898675,0.018191346898675
170,1654523780.72893,544000,2.12867450714111,0,0.844847738742828,1.18604969978333,-0.067983701825142,0.165760919451714,0,0.02010634355247,0.02010634355247
171,1654523817.73511,547200,1.69864141941071,0,-0.5819051861763,2.18113899230957,-0.06454548984766,0.163953050971031,0,0.020717324689031,0.020717324689031
172,1654523860.00117,550400,0.916097223758698,0,-2.22744727134705,3.04704809188843,-0.063580296933651,0.160076662898064,0,0.018856197595596,0.018856197595596
173,1654523901.30429,553600,1.95741772651672,0,0.754605114459991,1.10246157646179,-0.061335869133473,0.161687016487122,0,0.018187949433923,0.018187949433923
174,1654523942.23958,556800,1.57146573066711,0,0.517067790031433,0.958588182926178,-0.066728971898556,0.162538662552834,0,0.018701119348407,0.018701119348407
175,1654523979.61394,560000,2.79871010780334,0,1.5195220708847,1.18684720993042,-0.070499077439308,0.162839978933334,0,0.020861415192485,0.020861415192485
176,1654524019.01734,563200,-0.627778708934784,0,-2.09169101715088,1.37618970870972,-0.076771974563599,0.164494588971138,0,0.016751566901803,0.016751566901803
177,1654524058.35871,566400,-0.004561364650726,0,-0.714131951332092,0.622964680194855,-0.077958017587662,0.164563924074173,0,0.015244291163981,0.015244291163981
178,1654524098.08603,569600,-1.10885202884674,0,-1.76690709590912,0.570223927497864,-0.079620786011219,0.167451947927475,0,0.013777483254671,0.013777483254671
179,1654524142.99431,572800,3.78200244903564,0,2.97714781761169,0.718720555305481,-0.079060345888138,0.165194168686867,0,0.01635486446321,0.01635486446321
180,1654524181.9923,576000,0.210303634405136,0,-1.37991344928741,1.50973033905029,-0.083839237689972,0.16432598233223,0,0.015920013189316,0.015920013189316
181,1654524221.45879,579200,4.15119504928589,0,3.43487024307251,0.626016616821289,-0.07223741710186,0.162545531988144,0,0.016073102131486,0.016073102131486
182,1654524262.96606,582400,-1.11496770381928,0,-3.47947072982788,2.28542232513428,-0.084042474627495,0.163123086094856,0,0.018170468509197,0.018170468509197
183,1654524306.42663,585600,-0.453398108482361,0,-1.96296453475952,1.41954863071442,-0.071387812495232,0.161405608057976,0,0.018488956615329,0.018488956615329
184,1654524358.15199,588800,0.920927047729492,0,-0.572191476821899,1.39968073368073,-0.068746283650398,0.162184089422226,0,0.017432911321521,0.017432911321521
185,1654524414.30842,592000,3.79294419288635,0,2.22137808799744,1.48428893089294,-0.074727423489094,0.162004694342613,0,0.020097954198718,0.020097954198718
186,1654524472.18609,595200,1.66282868385315,0,0.038498658686876,1.54451739788055,-0.078878507018089,0.158691197633743,0,0.019445512443781,0.019445512443781
187,1654524530.74193,598400,2.61755990982056,0,1.36753177642822,1.17168664932251,-0.079934410750866,0.15827588737011,0,0.02032239921391,0.02032239921391
188,1654524582.05145,601600,-0.862424552440643,0,-2.26221132278442,1.32185530662537,-0.080638788640499,0.158570244908333,0,0.020472286269069,0.020472286269069
189,1654524630.79366,604800,2.14975571632385,0,0.920689165592194,1.14563822746277,-0.076949879527092,0.160378247499466,0,0.020442564040423,0.020442564040423
190,1654524663.40356,608000,-1.04725217819214,0,-2.32121658325195,1.18257927894592,-0.073673710227013,0.165058806538582,0,0.019639723002911,0.019639723002911
191,1654524702.04186,611200,4.33372306823731,0,2.69035840034485,1.55600166320801,-0.071367375552654,0.158730283379555,0,0.019012831151486,0.019012831151486
192,1654524740.06753,614400,-0.769116401672363,0,-2.17214274406433,1.31830513477325,-0.073679439723492,0.158400669693947,0,0.017327120527625,0.017327120527625
193,1654524779.60144,617600,2.73160815238953,0,2.34189486503601,0.30415141582489,-0.07304322719574,0.158605352044106,0,0.018436659127474,0.018436659127474
194,1654524815.92551,620800,0.912070095539093,0,-0.981326341629028,1.81716918945313,-0.080685377120972,0.156912624835968,0,0.01922501437366,0.01922501437366
195,1654524855.8372,624000,1.0325790643692,0,-1.20019400119782,2.15517783164978,-0.077885299921036,0.155480459332466,0,0.021188426762819,0.021188426762819
196,1654524893.7652,627200,0.10700486600399,0,-1.86047148704529,1.88619780540466,-0.073619246482849,0.154897794127464,0,0.0190465208143,0.0190465208143
197,1654524937.13891,630400,1.67933833599091,0,-0.17963245511055,1.77358114719391,-0.06802973896265,0.153419405221939,0,0.020022002980113,0.020022002980113
198,1654524974.46792,633600,-0.326493859291077,0,-3.41627359390259,3.01164937019348,-0.075280025601387,0.153410390019417,0,0.017500663176179,0.017500663176179
199,1654525012.50163,636800,4.47104597091675,0,3.43252563476562,0.9434774518013,-0.059484802186489,0.154527887701988,0,0.019729889929295,0.019729889929295
200,1654525049.34497,640000,0.7364462018013,0,-1.08030831813812,1.72886800765991,-0.063824996352196,0.151711523532867,0,0.01838737167418,0.01838737167418
201,1654525089.16794,643200,2.95878028869629,0,1.39673113822937,1.47439277172089,-0.064371094107628,0.15202759206295,0,0.019677948206663,0.019677948206663
202,1654525128.54635,646400,0.275265693664551,0,-1.90846419334412,2.09603929519653,-0.065993472933769,0.153684079647064,0,0.016518492251635,0.016518492251635
203,1654525170.15366,649600,-1.44372618198395,0,-3.43535494804382,1.91011846065521,-0.068293854594231,0.149804130196571,0,0.015619261190295,0.015619261190295
204,1654525212.41962,652800,6.72625255584717,0,5.31910419464111,1.3270308971405,-0.071418933570385,0.151536181569099,0,0.017086172476411,0.017086172476411
205,1654525250.17573,656000,-3.00472140312195,0,-5.15973663330078,2.07869052886963,-0.07462614774704,0.150950938463211,0,0.014809822663665,0.014809822663665
206,1654525290.17156,659200,4.14756155014038,0,3.23944115638733,0.827037572860718,-0.069456212222576,0.150538697838783,0,0.018986515700817,0.018986515700817
207,1654525333.11197,662400,2.86576581001282,0,0.991374552249908,1.79474294185638,-0.073514118790627,0.153162479400635,0,0.017126627266407,0.017126627266407
208,1654525373.55958,665600,1.73827219009399,0,0.170881748199463,1.49219572544098,-0.077342711389065,0.152537524700165,0,0.01858950778842,0.01858950778842
209,1654525414.2789,668800,1.49324858188629,0,-0.399161398410797,1.82132613658905,-0.077285543084145,0.148369461297989,0,0.017833519726992,0.017833519726992
210,1654525455.91371,672000,-1.20819592475891,0,-3.04638910293579,1.76725971698761,-0.077383808791638,0.148317247629166,0,0.017625235021114,0.017625235021114
211,1654525495.57449,675200,1.89387488365173,0,1.33989679813385,0.471909403800964,-0.067964494228363,0.15003328025341,0,0.018734836950898,0.018734836950898
212,1654525535.63541,678400,1.91863012313843,0,1.24347138404846,0.597826957702637,-0.071141213178635,0.148473083972931,0,0.01876905746758,0.01876905746758
213,1654525576.25693,681600,0.330581367015839,0,-1.25219345092773,1.5090856552124,-0.075837552547455,0.149526730179787,0,0.017488008365035,0.017488008365035
214,1654525620.7094,684800,0.500148236751556,0,-1.07097125053406,1.49191045761108,-0.070149257779121,0.149358287453651,0,0.01394887175411,0.01394887175411
215,1654525662.19616,688000,3.89422225952148,0,2.3012900352478,1.51606261730194,-0.071821592748165,0.148691058158874,0,0.016965560615063,0.016965560615063
216,1654525705.45253,691200,-1.20126950740814,0,-2.67806649208069,1.41344821453094,-0.084871128201485,0.148219913244247,0,0.017185227945447,0.017185227945447
217,1654525748.91579,694400,4.27409505844116,0,3.17916655540466,1.0209596157074,-0.074178166687489,0.148147240281105,0,0.016831450164318,0.016831450164318
218,1654525786.95992,697600,-2.11989307403564,0,-3.66098713874817,1.47324728965759,-0.079262688755989,0.147109508514404,0,0.016172576695681,0.016172576695681
219,1654525826.7782,700800,2.45164752006531,0,1.14038956165314,1.23913681507111,-0.075154915452004,0.147276192903519,0,0.017721144482493,0.017721144482493
220,1654525871.41832,704000,4.46889448165894,0,3.01172661781311,1.38615131378174,-0.07412876188755,0.145145565271378,0,0.020228732377291,0.020228732377291
221,1654525913.19828,707200,-2.07977604866028,0,-5.03517389297485,2.89239954948425,-0.080980725586414,0.143979012966156,0,0.019213175401092,0.019213175401092
222,1654525952.14958,710400,5.33119201660156,0,3.60723090171814,1.65634989738464,-0.075348630547524,0.142960205674171,0,0.018844855949283,0.018844855949283
223,1654525992.96415,713600,0.096571438014507,0,-1.36034405231476,1.39207291603088,-0.079759709537029,0.144602283835411,0,0.01834661886096,0.01834661886096
224,1654526031.30291,716800,0.230353087186813,0,-1.19409132003784,1.36082541942596,-0.079746276140213,0.143365263938904,0,0.019599271938205,0.019599271938205
225,1654526069.53378,720000,2.819908618927,0,1.17324459552765,1.58013010025024,-0.076516702771187,0.143050611019135,0,0.018421303480864,0.018421303480864
226,1654526108.27366,723200,-0.639940619468689,0,-1.78237640857697,1.08037149906158,-0.080735012888908,0.142799332737923,0,0.018425157293677,0.018425157293677
227,1654526146.43777,726400,1.56662440299988,0,0.710391163825989,0.792564570903778,-0.079543896019459,0.143212720751762,0,0.019291825592518,0.019291825592518
228,1654526184.85514,729600,2.36466836929321,0,0.422597140073776,1.87956404685974,-0.081802614033222,0.144309848546982,0,0.019410384818912,0.019410384818912
229,1654526222.82217,732800,0.052226953208447,0,-1.77197444438934,1.76341915130615,-0.083688668906689,0.144470915198326,0,0.019662249833346,0.019662249833346
230,1654526260.05069,736000,2.26050305366516,0,0.563940644264221,1.62881255149841,-0.07729359716177,0.145043432712555,0,0.017583021894097,0.017583021894097
231,1654526298.58362,739200,-1.93911647796631,0,-3.55602216720581,1.55419254302979,-0.079883582890034,0.142596781253815,0,0.017032191157341,0.017032191157341
232,1654526338.87908,742400,3.07452630996704,0,2.31140875816345,0.690371453762054,-0.070953771471977,0.143699839711189,0,0.018138114362955,0.018138114362955
233,1654526380.7552,745600,3.56271004676819,0,2.48764872550964,1.00849664211273,-0.076086819171906,0.142651468515396,0,0.020560054108501,0.020560054108501
234,1654526424.20759,748800,-3.59032154083252,0,-5.73994731903076,2.08215022087097,-0.074183538556099,0.141658946871758,0,0.017974339425564,0.017974339425564
235,1654526461.72799,752000,2.7521710395813,0,1.9939649105072,0.682534456253052,-0.063091650605202,0.138763502240181,0,0.017663009464741,0.017663009464741
236,1654526500.91918,755200,0.56125944852829,0,-0.84075391292572,1.32757270336151,-0.067731082439423,0.14217172563076,0,0.01717171818018,0.01717171818018
237,1654526541.47204,758400,0.642796874046326,0,-0.367987751960754,0.942281901836395,-0.068644352257252,0.137147098779678,0,0.017784291878343,0.017784291878343
238,1654526583.43582,761600,2.46495366096497,0,1.16623330116272,1.23098599910736,-0.070701256394386,0.138435751199722,0,0.016805522143841,0.016805522143841
239,1654526627.86948,764800,0.485569596290588,0,-0.732562601566315,1.1533819437027,-0.077951990067959,0.142702251672745,0,0.01812800578773,0.01812800578773
240,1654526666.28568,768000,2.71474599838257,0,1.58089911937714,1.06976640224457,-0.075220309197903,0.13930070400238,0,0.017644587904215,0.017644587904215
241,1654526708.49446,771200,-4.44462060928345,0,-5.73484611511231,1.23363626003265,-0.083099268376827,0.139688536524773,0,0.012656941078603,0.012656941078603
242,1654526755.7012,774400,3.40212893486023,0,2.76587629318237,0.575440227985382,-0.082216821610928,0.143029168248177,0,0.015272229909897,0.015272229909897
243,1654526800.63085,777600,0.840551137924194,0,0.295145392417908,0.481530606746674,-0.079479016363621,0.143354192376137,0,0.014948036521673,0.014948036521673
244,1654526840.58221,780800,-1.0250164270401,0,-1.82116329669952,0.736177206039429,-0.080372013151646,0.140341594815254,0,0.013713567517698,0.013713567517698
245,1654526879.33276,784000,5.36991786956787,0,4.33751487731934,0.969210088253021,-0.076154783368111,0.139347448945046,0,0.017464017495513,0.017464017495513
246,1654526920.3657,787200,-0.024260342121124,0,-2.40894317626953,2.32148957252502,-0.079415246844292,0.142608508467674,0,0.017256645485759,0.017256645485759
247,1654526959.74184,790400,-0.513963580131531,0,-1.62237071990967,1.05395686626434,-0.081379197537899,0.13582943379879,0,0.016597924754024,0.016597924754024
248,1654527002.31385,793600,0.968795359134674,0,-0.115031763911247,1.02119672298431,-0.077495113015175,0.140125498175621,0,0.018592415377498,0.018592415377498
249,1654527042.76293,796800,2.13699340820312,0,0.80312979221344,1.27635407447815,-0.078892052173615,0.136401534080505,0,0.018723960965872,0.018723960965872
250,1654527082.21513,800000,0.685302734375,0,-0.587378799915314,1.21035957336426,-0.076224595308304,0.138546586036682,0,0.019432291388512,0.019432291388512
251,1654527125.67219,803200,1.70305466651917,0,0.69467681646347,0.93943440914154,-0.068713329732418,0.137656763195992,0,0.019334957003594,0.019334957003594
252,1654527172.30761,806400,0.133250743150711,0,-0.978407502174377,1.04135394096375,-0.067023552954197,0.137327864766121,0,0.017549071460962,0.017549071460962
253,1654527217.56852,809600,-0.231329649686813,0,-1.23498344421387,0.93213015794754,-0.067344531416893,0.138868182897568,0,0.018750971183181,0.018750971183181
254,1654527267.88313,812800,1.75747358798981,0,0.987430930137634,0.701468050479889,-0.067629307508469,0.136203929781914,0,0.018371528014541,0.018371528014541
255,1654527329.95521,816000,1.55940163135529,0,0.457270711660385,1.03904592990875,-0.072026379406452,0.135111317038536,0,0.018512120470405,0.018512120470405
256,1654527394.3736,819200,-0.418872863054276,0,-1.60278761386871,1.12411952018738,-0.075120434165001,0.134915679693222,0,0.017306244000793,0.017306244000793
257,1654527456.10283,822400,-0.345997869968414,0,-0.877900898456574,0.465045928955078,-0.068295404314995,0.135152518749237,0,0.015797782689333,0.015797782689333
258,1654527516.3009,825600,-1.05059731006622,0,-1.59178280830383,0.468945890665054,-0.066938646137714,0.139178305864334,0,0.016375781968236,0.016375781968236
259,1654527580.95709,828800,3.03317260742187,0,2.39838337898254,0.566816747188568,-0.06902963668108,0.137001872062683,0,0.01720954477787,0.01720954477787
260,1654527638.79301,832000,5.61405467987061,0,4.40373802185059,1.14131319522858,-0.067891381680966,0.136895343661308,0,0.017627207562327,0.017627207562327
261,1654527700.21757,835200,0.137239217758179,0,-0.622597932815552,0.697501838207245,-0.070409506559372,0.132744818925858,0,0.017004484310746,0.017004484310746
262,1654527761.71311,838400,-1.38489377498627,0,-2.61413383483887,1.16629374027252,-0.070402696728706,0.133349061012268,0,0.017410984262824,0.017410984262824
263,1654527825.54645,841600,-0.226123064756393,0,-0.998893857002258,0.706650257110596,-0.066281586885452,0.132402122020721,0,0.017706086859107,0.017706086859107
264,1654527886.54984,844800,-0.270041584968567,0,-1.09176230430603,0.756911396980285,-0.067797787487507,0.132607117295265,0,0.017934961244464,0.017934961244464
265,1654527948.53209,848000,-0.158590272068977,0,-1.13307452201843,0.909104883670807,-0.067707747220993,0.133087113499641,0,0.016393041238189,0.016393041238189
266,1654528011.33345,851200,-0.451282680034638,0,-1.43293762207031,0.915869772434235,-0.068158105015755,0.133943259716034,0,0.014557931572199,0.014557931572199
267,1654528070.39061,854400,-0.341948926448822,0,-1.10809195041657,0.706876695156097,-0.073270916938782,0.132537245750427,0,0.014475080184639,0.014475080184639
268,1654528131.86768,857600,0.663789749145508,0,-0.022680800408125,0.631040692329407,-0.078679822385311,0.134109675884247,0,0.014044377952814,0.014044377952814
269,1654528190.58592,860800,0.323070883750915,0,-0.115152969956398,0.37829852104187,-0.073913335800171,0.133838668465614,0,0.013592710718513,0.013592710718513
270,1654528230.86819,864000,1.65350675582886,0,1.30107009410858,0.293222606182098,-0.074774123728275,0.133988320827484,0,0.014794840477407,0.014794840477407
271,1654528274.56899,867200,-0.100788965821266,0,-1.04531407356262,0.889768064022064,-0.077254772186279,0.132011815905571,0,0.013450099155307,0.013450099155307
272,1654528323.78535,870400,6.16253089904785,0,5.4754753112793,0.628539264202118,-0.071318715810776,0.129835322499275,0,0.017302602529526,0.017302602529526
273,1654528369.13884,873600,0.221297681331634,0,-1.30032217502594,1.46981406211853,-0.076125279068947,0.127931073307991,0,0.017990790307522,0.017990790307522
274,1654528418.37879,876800,-2.09191083908081,0,-3.40361499786377,1.25645458698273,-0.072357647120953,0.127607330679894,0,0.016180312260985,0.016180312260985
275,1654528464.79772,880000,0.400855898857117,0,-0.268580913543701,0.60312819480896,-0.062335796654224,0.128644406795502,0,0.016161868348718,0.016161868348718
276,1654528512.6948,883200,-2.2231080532074,0,-3.28109264373779,0.989528775215149,-0.06242797896266,0.130883976817131,0,0.015191096812487,0.015191096812487
277,1654528565.80594,886400,1.68657803535461,0,0.901460528373718,0.711020052433014,-0.056346390396357,0.130443796515465,0,0.015797866508365,0.015797866508365
278,1654528630.72938,889600,2.87580060958862,0,1.51621007919312,1.28805637359619,-0.057249240577221,0.128783538937569,0,0.017605762928724,0.017605762928724
279,1654528697.95419,892800,1.07434380054474,0,-0.587188422679901,1.59241461753845,-0.0598577670753,0.128975421190262,0,0.017752708867192,0.017752708867192
280,1654528760.98659,896000,-0.032958328723908,0,-1.70500504970551,1.60891008377075,-0.063883639872074,0.127020269632339,0,0.016793794929981,0.016793794929981
281,1654528822.38947,899200,4.19451189041138,0,3.03462266921997,1.09446501731873,-0.063321396708489,0.128746122121811,0,0.017432445660234,0.017432445660234
282,1654528883.14054,902400,0.717088520526886,0,-0.211448192596436,0.874195516109467,-0.071785554289818,0.126126751303673,0,0.01667376793921,0.01667376793921
283,1654528936.93244,905600,1.39572310447693,0,0.703636169433594,0.64258074760437,-0.079201184213162,0.128707349300385,0,0.01848267018795,0.01848267018795
284,1654528990.07699,908800,0.102872908115387,0,-0.904380083084106,0.963209748268127,-0.080980077385902,0.125023320317268,0,0.017714969813824,0.017714969813824
285,1654529023.27169,912000,-1.04060828685761,0,-1.96696984767914,0.871620297431946,-0.073203966021538,0.127945199608803,0,0.016417300328612,0.016417300328612
286,1654529057.53242,915200,-0.604049801826477,0,-1.22343504428864,0.56198912858963,-0.070458278059959,0.12785442173481,0,0.016021491959691,0.016021491959691
287,1654529098.39708,918400,-0.471264719963074,0,-1.09265244007111,0.560403764247894,-0.067547097802162,0.128531038761139,0,0.015119230374694,0.015119230374694
288,1654529136.04469,921600,2.06533932685852,0,1.36513543128967,0.636036336421967,-0.064078889787197,0.128246426582336,0,0.015679221600294,0.015679221600294
289,1654529174.75874,924800,-0.465520977973938,0,-2.04732084274292,1.52411150932312,-0.068973459303379,0.126661852002144,0,0.015720754861832,0.015720754861832
290,1654529210.04991,928000,2.02249979972839,0,1.17146337032318,0.780337631702423,-0.057031858712435,0.127730533480644,0,0.016843184828758,0.016843184828758
291,1654529251.46215,931200,-0.336981952190399,0,-1.38863587379456,0.983765661716461,-0.059180479496718,0.127068743109703,0,0.016236361116171,0.016236361116171
292,1654529292.39776,934400,0.006629273295403,0,-0.904062211513519,0.835614562034607,-0.051640197634697,0.126717120409012,0,0.016184706240892,0.016184706240892
293,1654529333.04741,937600,0.854768753051758,0,0.142781749367714,0.635897278785706,-0.048393584787846,0.124483376741409,0,0.016795638948679,0.016795638948679
294,1654529367.87803,940800,-0.667432129383087,0,-1.82741379737854,1.09599077701569,-0.058003205806017,0.121994093060493,0,0.01268029678613,0.01268029678613
295,1654529408.83572,944000,2.13935422897339,0,1.72977411746979,0.346073091030121,-0.059525325894356,0.12303227186203,0,0.012612308375537,0.012612308375537
296,1654529450.15389,947200,2.15089797973633,0,1.74965941905975,0.34480145573616,-0.066329568624497,0.122766569256783,0,0.014940853230655,0.014940853230655
297,1654529490.71154,950400,0.180990442633629,0,-0.546362280845642,0.673262298107147,-0.070668295025826,0.124758720397949,0,0.015971940010786,0.015971940010786
298,1654529536.01472,953600,2.71009826660156,0,1.62662196159363,1.03042078018188,-0.071894861757755,0.12495045363903,0,0.017426814883947,0.017426814883947
299,1654529576.01148,956800,-2.76532626152039,0,-4.01324462890625,1.19798684120178,-0.074874356389046,0.124805964529514,0,0.015083654783666,0.015083654783666
300,1654529617.63797,960000,-0.343151777982712,0,-1.16990387439728,0.771909058094025,-0.069712541997433,0.124555595219135,0,0.01257944572717,0.01257944572717
301,1654529660.32192,963200,1.26450562477112,0,0.899840295314789,0.308621555566788,-0.07175075262785,0.127794519066811,0,0.014698862098157,0.014698862098157
302,1654529698.05753,966400,1.13963162899017,0,0.770762145519257,0.313760459423065,-0.071386575698853,0.126495569944382,0,0.014195829629898,0.014195829629898
303,1654529738.78485,969600,3.36913704872131,0,2.69004917144775,0.624362111091614,-0.06854896992445,0.123274795711041,0,0.014356190338731,0.014356190338731
304,1654529776.92726,972800,1.54147183895111,0,-0.126098588109016,1.6191953420639,-0.07375543564558,0.122130535542965,0,0.018076980486512,0.018076980486512
305,1654529817.39447,976000,-0.394643813371658,0,-1.73927450180054,1.29331278800964,-0.07215242087841,0.123470328748226,0,0.017487034201622,0.017487034201622
306,1654529855.79723,979200,2.13850235939026,0,0.922291815280914,1.16078817844391,-0.068146914243698,0.123569309711456,0,0.017477298155427,0.017477298155427
307,1654529896.44086,982400,-1.26601731777191,0,-2.34390497207642,1.02647864818573,-0.072227746248245,0.1236367598176,0,0.016384448856115,0.016384448856115
308,1654529936.13356,985600,0.870119094848633,0,0.502352058887482,0.313969045877457,-0.067856170237064,0.121654167771339,0,0.016288630664349,0.016288630664349
309,1654529978.17749,988800,2.11607527732849,0,1.4391496181488,0.624781906604767,-0.067921571433544,0.120065242052078,0,0.016981219872832,0.016981219872832
310,1654530020.31974,992000,-2.71622896194458,0,-3.96796178817749,1.20083546638489,-0.070187166333199,0.121084414422512,0,0.015247317962349,0.015247317962349
311,1654530061.01089,995200,3.40807223320007,0,2.85495853424072,0.496336996555328,-0.063830055296421,0.120606787502766,0,0.017856158316135,0.017856158316135
312,1654530103.31953,998400,-0.103849783539772,0,-1.08315277099609,0.923423707485199,-0.062885299324989,0.118764579296112,0,0.015161504969001,0.015161504969001
313,1654530145.56281,1001600,0.535202383995056,0,-0.548901677131653,1.02453851699829,-0.058594167232514,0.118159733712673,0,0.015870604664087,0.015870604664087
314,1654530194.52195,1004800,2.22078800201416,0,0.661463141441345,1.49796688556671,-0.058999717235565,0.120357677340508,0,0.017287017777562,0.017287017777562
315,1654530237.20379,1008000,1.030916929245,0,-0.135074093937874,1.11575603485107,-0.068563833832741,0.118798822164536,0,0.018008481711149,0.018008481711149
316,1654530281.09651,1011200,0.796749711036682,0,-0.145071983337402,0.887801110744476,-0.066085413098335,0.12010595947504,0,0.016717849299312,0.016717849299312
317,1654530325.77304,1014400,-1.21673810482025,0,-1.90254712104797,0.637443840503693,-0.070300810039044,0.118666037917137,0,0.015967283397913,0.015967283397913
318,1654530366.47355,1017600,-0.773634672164917,0,-1.39838826656342,0.568865716457367,-0.062469236552715,0.11835715174675,0,0.016244754195213,0.016244754195213
319,1654530407.07445,1020800,1.3872492313385,0,0.937362432479858,0.39039009809494,-0.060536302626133,0.12003293633461,0,0.017999621108174,0.017999621108174
320,1654530445.63559,1024000,0.996705234050751,0,0.024639565497637,0.914473414421082,-0.062496017664671,0.120088279247284,0,0.015640215948224,0.015640215948224
321,1654530489.63064,1027200,-0.58152163028717,0,-1.12111043930054,0.479371070861816,-0.062943898141384,0.123161643743515,0,0.013413330540061,0.013413330540061
322,1654530529.53139,1030400,-0.326213836669922,0,-0.656906962394714,0.263984590768814,-0.055163521319628,0.121872082352638,0,0.012346867471933,0.012346867471933
323,1654530571.8721,1033600,0.202556282281876,0,-0.161855712532997,0.295512944459915,-0.048779644072056,0.117678701877594,0,0.017048681154847,0.017048681154847
324,1654530615.62366,1036800,-1.08896350860596,0,-2.23993325233459,1.08203995227814,-0.048860684037209,0.117790520191193,0,0.016799554228783,0.016799554228783
325,1654530653.41433,1040000,2.3188533782959,0,1.43732130527496,0.803495228290558,-0.040651541203261,0.118688374757767,0,0.015681341290474,0.015681341290474
326,1654530692.71632,1043200,0.240048214793205,0,-0.934673249721527,1.10519826412201,-0.04825235158205,0.117775551974773,0,0.014862413518131,0.014862413518131
327,1654530735.48416,1046400,0.717362821102142,0,0.16472589969635,0.493301630020142,-0.056539244949818,0.115874521434307,0,0.013677675276995,0.013677675276995
328,1654530777.59879,1049600,2.02287197113037,0,1.50596332550049,0.461910396814346,-0.059438187628985,0.114436395466328,0,0.014239508658648,0.014239508658648
329,1654530820.51082,1052800,0.113681428134441,0,-0.852485656738281,0.919854462146759,-0.067860133945942,0.114172756671906,0,0.016025125980377,0.016025125980377
330,1654530865.13009,1056000,2.10419106483459,0,1.34960985183716,0.700124561786652,-0.062776185572147,0.11723280698061,0,0.016755489632487,0.016755489632487
331,1654530907.7645,1059200,-2.75281977653503,0,-4.17843961715698,1.38155841827393,-0.070649459958077,0.114710845053196,0,0.015095638111234,0.015095638111234
332,1654530952.41601,1062400,1.74573051929474,0,1.11762583255768,0.577303528785706,-0.064568921923637,0.115370012819767,0,0.014451635070145,0.014451635070145
333,1654530992.03852,1065600,1.59963738918304,0,1.01970207691193,0.52829384803772,-0.066041715443134,0.117683164775372,0,0.014813699759543,0.014813699759543
334,1654531033.43768,1068800,1.38452219963074,0,0.431527137756348,0.901385486125946,-0.065085873007774,0.116695366799831,0,0.01594852656126,0.01594852656126
335,1654531077.19585,1072000,4.02463960647583,0,2.98857522010803,0.986784040927887,-0.065978609025478,0.115259066224098,0,0.015974245965481,0.015974245965481
336,1654531120.59083,1075200,-4.34537887573242,0,-6.90617275238037,2.51890397071838,-0.070057481527329,0.111947700381279,0,0.016322989016771,0.016322989016771
337,1654531165.09422,1078400,3.51861095428467,0,2.66543865203857,0.802272737026215,-0.062559098005295,0.113458745181561,0,0.015162765979767,0.015162765979767
338,1654531205.66555,1081600,1.02062177658081,0,-0.082309454679489,1.05444943904877,-0.064878389239311,0.113360226154327,0,0.015908068045974,0.015908068045974
339,1654531247.07726,1084800,-0.928085386753082,0,-2.27579164505005,1.29929637908936,-0.064592957496643,0.113002814352512,0,0.015327303670347,0.015327303670347
340,1654531285.5859,1088000,4.09787940979004,0,3.28487753868103,0.76253479719162,-0.062632828950882,0.113099858164787,0,0.016796318814159,0.016796318814159
341,1654531327.90711,1091200,0.718256771564483,0,-0.920048356056213,1.59231686592102,-0.067321859300137,0.113310120999813,0,0.017065338790417,0.017065338790417
342,1654531369.21635,1094400,0.336581736803055,0,-0.520713686943054,0.809302508831024,-0.064800530672073,0.112793453037739,0,0.015538706444204,0.015538706444204
343,1654531410.37347,1097600,0.291847676038742,0,-0.191754952073097,0.439308732748032,-0.067255698144436,0.111549578607082,0,0.016390485689044,0.016390485689044
344,1654531451.77402,1100800,0.191145807504654,0,-0.660981714725494,0.804976761341095,-0.06542643904686,0.112577207386494,0,0.01673224940896,0.01673224940896
345,1654531492.33048,1104000,0.081072486937046,0,-0.4730384349823,0.50832211971283,-0.066272735595703,0.112061537802219,0,0.016082216054201,0.016082216054201
346,1654531536.3906,1107200,1.32683444023132,0,0.71111935377121,0.568226039409637,-0.064844757318497,0.11233377456665,0,0.016579139977694,0.016579139977694
347,1654531574.29661,1110400,0.005201101303101,0,-0.927148401737213,0.882960200309753,-0.063360318541527,0.112749621272087,0,0.016729125753045,0.016729125753045
348,1654531616.58495,1113600,-0.670131266117096,0,-1.36863195896149,0.656298816204071,-0.068814411759377,0.111016295850277,0,0.015503007918596,0.015503007918596
349,1654531658.244,1116800,2.04499816894531,0,1.34118616580963,0.656793177127838,-0.064626634120941,0.111645355820656,0,0.0157969314605,0.0157969314605
350,1654531701.43139,1120000,1.50752508640289,0,0.933099687099457,0.530239462852478,-0.067885093390942,0.112071000039577,0,0.016417706385255,0.016417706385255
351,1654531744.99233,1123200,2.47468781471252,0,1.89508807659149,0.535735547542572,-0.067449532449246,0.111313723027706,0,0.016768859699369,0.016768859699369
352,1654531785.98861,1126400,0.360465437173843,0,-0.899444103240967,1.21920609474182,-0.069865986704826,0.110569439828396,0,0.015594368800521,0.015594368800521
353,1654531828.36891,1129600,-1.9410058259964,0,-3.31677103042603,1.33030152320862,-0.066024728119373,0.11148851364851,0,0.016532588750124,0.016532588750124
354,1654531867.30761,1132800,-0.427565366029739,0,-1.06862914562225,0.595851838588715,-0.063191749155521,0.108403705060482,0,0.015643833205104,0.015643833205104
355,1654531907.48905,1136000,1.21199405193329,0,0.614019989967346,0.5511155128479,-0.062824785709381,0.109683409333229,0,0.016196662560105,0.016196662560105
356,1654531948.51482,1139200,1.4356734752655,0,0.49138805270195,0.900277376174927,-0.06372157484293,0.107729539275169,0,0.012625363655388,0.012625363655388
357,1654531993.02515,1142400,4.78920459747314,0,4.0695538520813,0.680491626262665,-0.070947699248791,0.110106781125069,0,0.01559145655483,0.01559145655483
358,1654532033.82033,1145600,-1.54419589042664,0,-2.5319128036499,0.951540231704712,-0.07209824025631,0.108274929225445,0,0.01429720595479,0.01429720595479
359,1654532076.78177,1148800,0.107377804815769,0,-0.593970000743866,0.664389491081238,-0.070994138717651,0.107952453196049,0,0.014319058507681,0.014319058507681
360,1654532123.06343,1152000,-0.045010231435299,0,-0.636934340000153,0.559186935424805,-0.076384373009205,0.109121538698673,0,0.015718899667263,0.015718899667263
361,1654532168.12918,1155200,0.539347648620606,0,0.022465638816357,0.477721691131592,-0.073357678949833,0.112517960369587,0,0.015665393322706,0.015665393322706
362,1654532209.57118,1158400,0.862280130386352,0,0.253797352313995,0.566890060901642,-0.071114465594292,0.112707175314426,0,0.016597259789705,0.016597259789705
363,1654532251.50933,1161600,-4.10148859024048,0,-6.00975275039673,1.87059438228607,-0.072727106511593,0.110396899282932,0,0.01303643733263,0.01303643733263
364,1654532293.01812,1164800,1.48215556144714,0,0.954542696475983,0.481121957302094,-0.064568214118481,0.111059091985226,0,0.011108937673271,0.011108937673271
365,1654532336.60277,1168000,1.91394829750061,0,1.39901900291443,0.471388787031174,-0.065675601363182,0.109216146171093,0,0.012270100414753,0.012270100414753
366,1654532382.12146,1171200,2.12606120109558,0,1.67951655387878,0.401840806007385,-0.065265268087387,0.109968811273575,0,0.015054250136018,0.015054250136018
367,1654532423.33213,1174400,2.53560590744019,0,1.92007052898407,0.569769740104675,-0.065387353301048,0.111152909696102,0,0.014994612894952,0.014994612894952
368,1654532462.19637,1177600,1.03433632850647,0,-0.548211395740509,1.54119527339935,-0.066180303692818,0.107532739639282,0,0.016310604289174,0.016310604289174
369,1654532504.32509,1180800,0.094632647931576,0,-0.672869682312012,0.721536099910736,-0.06144542247057,0.107411652803421,0,0.015771392732859,0.015771392732859
370,1654532547.85466,1184000,-1.31499373912811,0,-2.13520097732544,0.775272369384766,-0.062407601624727,0.107342474162579,0,0.014830240979791,0.014830240979791
371,1654532590.83205,1187200,0.267514020204544,0,-0.468766152858734,0.686625182628632,-0.057527415454388,0.107182405889034,0,0.01569914072752,0.01569914072752
372,1654532634.51076,1190400,0.298641711473465,0,-0.574511229991913,0.821004450321198,-0.054640460759401,0.106788940727711,0,0.015345029532909,0.015345029532909
373,1654532671.95145,1193600,0.636345207691193,0,-0.212451830506325,0.800259172916412,-0.057811018079519,0.106348879635334,0,0.014369338750839,0.014369338750839
374,1654532711.05696,1196800,1.31626069545746,0,0.476376831531525,0.788253128528595,-0.053017221391201,0.104648008942604,0,0.01544959563762,0.01544959563762
375,1654532751.70675,1200000,-1.08319687843323,0,-2.78733897209167,1.65708112716675,-0.057708792388439,0.104769743978977,0,0.015157705172896,0.015157705172896
376,1654532792.33227,1203200,2.62519955635071,0,1.76683914661407,0.803315997123718,-0.048159837722778,0.103204257786274,0,0.014367867261171,0.014367867261171
377,1654532833.87972,1206400,-0.602212309837341,0,-1.8182315826416,1.16652488708496,-0.055322919040918,0.104817360639572,0,0.013728966936469,0.013728966936469
378,1654532870.62361,1209600,0.824845850467682,0,0.12385069578886,0.654374599456787,-0.056099705398083,0.102720268070698,0,0.013381112366915,0.013381112366915
379,1654532910.72506,1212800,1.95052218437195,0,1.38647675514221,0.520734190940857,-0.05930083617568,0.102612063288689,0,0.014327201060951,0.014327201060951
380,1654532950.14884,1216000,1.12173318862915,0,0.032946646213532,1.04738807678223,-0.062872543931007,0.104271039366722,0,0.015658888965845,0.015658888965845
381,1654532986.95261,1219200,0.237334966659546,0,-0.557328581809998,0.754009068012237,-0.062425743788481,0.103080227971077,0,0.015107579529286,0.015107579529286
382,1654533022.83821,1222400,-0.335333108901978,0,-0.747089266777039,0.374572426080704,-0.065991118550301,0.103174865245819,0,0.014714212156832,0.014714212156832
383,1654533065.2312,1225600,0.066325947642326,0,-0.329292714595795,0.350575625896454,-0.062347773462534,0.107390806078911,0,0.015979630872607,0.015979630872607
384,1654533104.86917,1228800,0.297476977109909,0,-0.350756853818893,0.604965627193451,-0.061894625425339,0.10516282916069,0,0.014110751450062,0.014110751450062
385,1654533144.36109,1232000,3.28790354728699,0,2.69328546524048,0.549712419509888,-0.05963808298111,0.104543760418892,0,0.012172434478998,0.012172434478998
386,1654533184.38932,1235200,-1.3100997209549,0,-2.01110911369324,0.657353937625885,-0.059604112058878,0.103259675204754,0,0.012028410099447,0.012028410099447
387,1654533222.48134,1238400,0.08036482334137,0,-0.129197746515274,0.162461459636688,-0.057007845491171,0.104108959436417,0,0.012275722809136,0.012275722809136
388,1654533268.10928,1241600,0.704025685787201,0,0.321700483560562,0.338883697986603,-0.058841414749622,0.102282859385014,0,0.01470002066344,0.01470002066344
389,1654533306.96224,1244800,0.1952183842659,0,-0.726573884487152,0.877139210700989,-0.059579756110907,0.104232810437679,0,0.014887804165483,0.014887804165483
390,1654533351.68503,1248000,2.09034872055054,0,1.23932909965515,0.80995374917984,-0.060965742915869,0.102031745016575,0,0.014773952774704,0.014773952774704
391,1654533391.87536,1251200,-0.266280710697174,0,-1.22984349727631,0.932595312595367,-0.068829625844956,0.099797107279301,0,0.013749343343079,0.013749343343079
392,1654533430.205,1254400,0.864951491355896,0,0.39233335852623,0.439157158136368,-0.065681897103787,0.099142819643021,0,0.013262758031488,0.013262758031488
393,1654533475.75145,1257600,-0.134701818227768,0,-0.491546213626862,0.325798809528351,-0.070505850017071,0.101551443338394,0,0.014312223531306,0.014312223531306
394,1654533516.83693,1260800,1.49677109718323,0,1.10312533378601,0.366063892841339,-0.072584480047226,0.10016643255949,0,0.014448147267103,0.014448147267103
395,1654533554.37173,1264000,0.389058232307434,0,-0.136287197470665,0.50067001581192,-0.077515281736851,0.10219069570303,0,0.014435515739024,0.014435515739024
396,1654533592.98939,1267200,-0.614872217178345,0,-1.35973656177521,0.716657817363739,-0.075729958713055,0.103936523199081,0,0.014505161903799,0.014505161903799
397,1654533634.67721,1270400,-0.567517757415772,0,-0.904765844345093,0.303992629051208,-0.071216486394405,0.104471951723099,0,0.013904789462686,0.013904789462686
398,1654533671.49607,1273600,-0.022528126835823,0,-0.397873550653458,0.341428428888321,-0.069647833704949,0.103564828634262,0,0.013677971437574,0.013677971437574
399,1654533712.29763,1276800,-0.355416893959045,0,-0.992175102233887,0.599962830543518,-0.065709836781025,0.102505207061768,0,0.013091878965497,0.013091878965497
400,1654533755.45963,1280000,0.630336284637451,0,0.050924617797136,0.539141833782196,-0.06290689855814,0.103176757693291,0,0.013327687047422,0.013327687047422
401,1654533795.23449,1283200,0.364633679389954,0,-0.040205642580986,0.364380657672882,-0.0632538869977,0.103712551295757,0,0.014256642200053,0.014256642200053
402,1654533837.72352,1286400,0.264254063367844,0,-0.333383560180664,0.558254480361939,-0.061671126633883,0.101054266095161,0,0.014924379996955,0.014924379996955
403,1654533875.44382,1289600,-0.314062595367432,0,-0.796131610870361,0.440571337938309,-0.05908165872097,0.10057932138443,0,0.014296602457762,0.014296602457762
404,1654533916.58395,1292800,0.798611462116241,0,0.10825788974762,0.647783041000366,-0.05673261731863,0.099303141236305,0,0.014726655557752,0.014726655557752
405,1654533957.35253,1296000,-0.115089528262615,0,-0.853697717189789,0.708866000175476,-0.068148739635944,0.097890920937061,0,0.014315619133413,0.014315619133413
406,1654533997.93273,1299200,3.37113857269287,0,2.72662377357483,0.605845749378204,-0.058899909257889,0.097568891942501,0,0.013501320034266,0.013501320034266
407,1654534038.88297,1302400,-2.51812982559204,0,-3.57619643211365,1.02513885498047,-0.065938122570515,0.098866075277329,0,0.013979632407427,0.013979632407427
408,1654534078.07381,1305600,2.81549406051636,0,2.22617793083191,0.557840406894684,-0.066270031034947,0.097745954990387,0,0.014808080159128,0.014808080159128
409,1654534118.64419,1308800,0.816525816917419,0,0.252416431903839,0.533989071846008,-0.067947663366795,0.098067991435528,0,0.013596525415778,0.013596525415778
410,1654534157.71797,1312000,-0.2317715883255,0,-0.977265179157257,0.718022346496582,-0.073573164641857,0.101044423878193,0,0.0147390877828,0.0147390877828
411,1654534198.86415,1315200,0.45755010843277,0,0.015906658023596,0.409765869379044,-0.071585163474083,0.103462740778923,0,0.014163681305945,0.014163681305945
412,1654534240.10273,1318400,1.20839130878448,0,0.550469815731049,0.626910030841827,-0.071656748652458,0.102668188512325,0,0.01608407497406,0.01608407497406
413,1654534280.90249,1321600,-1.07738268375397,0,-1.93260598182678,0.824509143829346,-0.069005824625492,0.0997199639678,0,0.014495539478958,0.014495539478958
414,1654534320.90432,1324800,4.1448016166687,0,3.09329509735107,1.02001702785492,-0.068393535912037,0.099883206188679,0,0.014970326796174,0.014970326796174
415,1654534361.1065,1328000,-1.32251191139221,0,-2.3870735168457,1.03157377243042,-0.067501932382584,0.100489787757397,0,0.014322942122817,0.014322942122817
416,1654534399.4377,1331200,0.467066496610642,0,0.223443791270256,0.2042436003685,-0.062748894095421,0.102128006517887,0,0.014204552397132,0.014204552397132
417,1654534441.89179,1334400,0.862019062042236,0,0.431390106678009,0.395345568656921,-0.064355276525021,0.099638625979424,0,0.014810690656304,0.014810690656304
418,1654534480.87915,1337600,-1.81275153160095,0,-2.63510155677795,0.791965305805206,-0.067181572318077,0.097566373646259,0,0.013501476496458,0.013501476496458
419,1654534521.29039,1340800,2.90663051605225,0,2.17836308479309,0.699522852897644,-0.067467167973518,0.096211977303028,0,0.013700207695365,0.013700207695365
420,1654534562.19783,1344000,0.448497116565704,0,-0.393633931875229,0.809825897216797,-0.065914139151573,0.098219268023968,0,0.014478402212262,0.014478402212262
421,1654534598.65637,1347200,-0.596802473068237,0,-1.29057002067566,0.660643100738525,-0.063100330531597,0.096224755048752,0,0.013888746500015,0.013888746500015
422,1654534637.66549,1350400,1.64174675941467,0,1.08394002914429,0.525521636009216,-0.064661525189877,0.096946582198143,0,0.014967023395002,0.014967023395002
423,1654534675.82144,1353600,-1.94266164302826,0,-3.3261444568634,1.35334539413452,-0.065086409449577,0.095223806798458,0,0.01458615064621,0.01458615064621
424,1654534715.83685,1356800,2.81894302368164,0,2.242591381073,0.542069435119629,-0.062643028795719,0.096925184130669,0,0.014537158422172,0.014537158422172
425,1654534754.34628,1360000,0.907127141952515,0,0.296668738126755,0.581104397773743,-0.069729939103127,0.099083922803402,0,0.015520884655416,0.015520884655416
426,1654534793.34176,1363200,-0.208740219473839,0,-1.13097774982452,0.893185317516327,-0.068573355674744,0.097625568509102,0,0.016272773966193,0.016272773966193
427,1654534835.3876,1366400,0.338049679994583,0,-0.285845726728439,0.591560840606689,-0.067418619990349,0.099753186106682,0,0.015098347328603,0.015098347328603
428,1654534876.79899,1369600,0.577479481697083,0,-0.327485978603363,0.871827661991119,-0.064724028110504,0.097861811518669,0,0.015041467733681,0.015041467733681
429,1654534919.51131,1372800,0.038184896111488,0,-0.643902361392975,0.642988741397858,-0.058866985142231,0.097965501248837,0,0.014168521389365,0.014168521389365
430,1654534961.2741,1376000,0.699604213237762,0,0.298843324184418,0.358797639608383,-0.054448891431093,0.09641220420599,0,0.014531341381371,0.014531341381371
431,1654534999.60937,1379200,0.700345158576965,0,0.013497706502676,0.646177589893341,-0.055053181946278,0.095723040401936,0,0.015270178206265,0.015270178206265
432,1654535039.17678,1382400,-0.626087486743927,0,-1.90212321281433,1.23395621776581,-0.053508188575506,0.095587685704231,0,0.014514957554638,0.014514957554638
433,1654535079.31027,1385600,3.61135172843933,0,2.9788670539856,0.587416172027588,-0.051844380795956,0.096912771463394,0,0.015088671818376,0.015088671818376
434,1654535116.82463,1388800,-2.0827305316925,0,-3.20159459114075,1.08245778083801,-0.059956531971693,0.096362940967083,0,0.014495649375022,0.014495649375022
435,1654535158.44444,1392000,1.54348385334015,0,0.876405000686646,0.630913376808167,-0.059469193220139,0.095634698867798,0,0.014661417342723,0.014661417342723
436,1654535198.05216,1395200,1.46262609958649,0,0.658346354961395,0.767911851406097,-0.057394213974476,0.093762189149857,0,0.013695737347007,0.013695737347007
437,1654535236.23245,1398400,0.530800521373749,0,-0.115651056170464,0.614863157272339,-0.064109042286873,0.095697477459908,0,0.015088987536728,0.015088987536728
438,1654535274.60378,1401600,1.56708705425262,0,0.680000245571137,0.854727387428284,-0.062617585062981,0.094977028667927,0,0.014651940204203,0.014651940204203
439,1654535312.19028,1404800,-0.126684337854385,0,-1.16800487041473,1.01017642021179,-0.064958110451698,0.096102230250836,0,0.015538716688752,0.015538716688752
440,1654535347.13622,1408000,1.88817179203033,0,1.13735115528107,0.71475738286972,-0.058966562151909,0.09502986818552,0,0.015765316784382,0.015765316784382
441,1654535382.87085,1411200,-0.357796192169189,0,-1.57329058647156,1.17974746227264,-0.059947226196528,0.095694169402123,0,0.01463770493865,0.01463770493865
442,1654535424.77155,1414400,0.404503524303436,0,-0.383111029863358,0.757321715354919,-0.064454503357411,0.094747327268124,0,0.014291775412858,0.014291775412858
443,1654535467.99566,1417600,0.689134955406189,0,0.095486506819725,0.568615078926086,-0.067384287714958,0.092417649924755,0,0.013962781056762,0.013962781056762
444,1654535507.67646,1420800,0.016798600554466,0,-0.289120227098465,0.276684552431107,-0.065116055309773,0.094350330531597,0,0.014494841918349,0.014494841918349
445,1654535549.90577,1424000,0.412151098251343,0,-0.126627445220947,0.507174909114838,-0.065545134246349,0.097148790955544,0,0.015431961044669,0.015431961044669
446,1654535589.84915,1427200,-0.97987312078476,0,-1.99295175075531,0.982849836349487,-0.062678970396519,0.09290773421526,0,0.013953933492303,0.013953933492303
447,1654535631.41239,1430400,2.9682457447052,0,2.38050770759583,0.550344705581665,-0.056157995015383,0.093551352620125,0,0.014433450996876,0.014433450996876
448,1654535669.16337,1433600,-2.8116991519928,0,-3.93236804008484,1.08986854553223,-0.062785789370537,0.093586131930351,0,0.014537569135428,0.014537569135428
449,1654535705.12624,1436800,2.18351030349731,0,1.68532359600067,0.459378927946091,-0.054483827203512,0.093291729688644,0,0.014199815690518,0.014199815690518
450,1654535747.65322,1440000,0.800700962543487,0,0.066999308764935,0.700740396976471,-0.061497569084168,0.094458796083927,0,0.014521433971822,0.014521433971822
451,1654535783.7538,1443200,-0.061756670475006,0,-1.65720462799072,1.55913722515106,-0.058924589306116,0.09523531794548,0,0.015006642788649,0.015006642788649
452,1654535821.72898,1446400,1.71871650218964,0,1.1556282043457,0.52041083574295,-0.050636053085327,0.093313582241535,0,0.015050539746881,0.015050539746881
453,1654535856.61333,1449600,0.361003398895264,0,-0.301611959934235,0.621965229511261,-0.054210271686316,0.094860404729843,0,0.015197869390249,0.015197869390249
454,1654535894.95946,1452800,0.338186264038086,0,-0.128913700580597,0.432902425527573,-0.057372763752937,0.091570287942886,0,0.014292776584625,0.014292776584625
455,1654535934.23241,1456000,1.2405116558075,0,0.828019261360168,0.380219578742981,-0.059793967753649,0.092066809535027,0,0.014072771184146,0.014072771184146
456,1654535968.67982,1459200,0.191501945257187,0,-0.47219505906105,0.627904772758484,-0.060346961021423,0.096139192581177,0,0.014601363800466,0.014601363800466
457,1654536006.01122,1462400,-0.499830931425095,0,-1.5955468416214,1.0623664855957,-0.061281528323889,0.094630926847458,0,0.014728635549545,0.014728635549545
458,1654536052.6057,1465600,-0.224978879094124,0,-0.792399942874908,0.528597176074982,-0.056276328861714,0.095100209116936,0,0.011864843778312,0.011864843778312
459,1654536100.10854,1468800,0.680288791656494,0,0.388738453388214,0.248852297663689,-0.052834708243609,0.09553274512291,0,0.013170863501728,0.013170863501728
460,1654536143.92557,1472000,0.114280223846436,0,-0.360905975103378,0.431440591812134,-0.052162118256092,0.095907725393772,0,0.013040247373283,0.013040247373283
461,1654536187.41803,1475200,1.67036414146423,0,1.02020657062531,0.607159614562988,-0.05208420008421,0.095082104206085,0,0.013860826380551,0.013860826380551
462,1654536226.52391,1478400,-1.02279889583588,0,-2.39097213745117,1.32913172245026,-0.053903967142105,0.092945426702499,0,0.013649662956596,0.013649662956596
463,1654536267.31084,1481600,3.2018141746521,0,2.52286958694458,0.631582736968994,-0.047314219176769,0.094676092267037,0,0.014457478187978,0.014457478187978
464,1654536307.56488,1484800,-0.603482306003571,0,-2.03200101852417,1.38655829429626,-0.049476999789476,0.09143739938736,0,0.013683024793863,0.013683024793863
465,1654536348.1174,1488000,1.00593388080597,0,0.17031629383564,0.798918604850769,-0.053237430751324,0.089936427772045,0,0.013772784732282,0.013772784732282
466,1654536387.86588,1491200,1.03155219554901,0,0.399858266115189,0.595572352409363,-0.053864613175392,0.089986152946949,0,0.013098811730743,0.013098811730743
467,1654536424.32531,1494400,-0.359204769134521,0,-1.27098476886749,0.877777814865112,-0.056738540530205,0.090740755200386,0,0.013592778705061,0.013592778705061
468,1654536464.28724,1497600,1.29103517532349,0,0.850789666175842,0.40770959854126,-0.060784354805946,0.093320310115814,0,0.014843901619315,0.014843901619315
469,1654536505.53377,1500800,-0.878654479980469,0,-1.62421405315399,0.710322976112366,-0.058620531111956,0.093857116997242,0,0.014400617219508,0.014400617219508
470,1654536544.23547,1504000,1.40566945075989,0,0.761002540588379,0.609793365001678,-0.058337509632111,0.093210890889168,0,0.014196243137121,0.014196243137121
471,1654536582.75483,1507200,-0.882003843784332,0,-1.33382511138916,0.421974748373032,-0.060573656111956,0.090420112013817,0,0.012510773725808,0.012510773725808
472,1654536624.76626,1510400,0.859587669372559,0,0.3063645362854,0.51711231470108,-0.056849557906389,0.092960335314274,0,0.014992168173194,0.014992168173194
473,1654536662.7403,1513600,2.59928274154663,0,1.80361616611481,0.758335769176483,-0.05512123554945,0.092451974749565,0,0.015375858172774,0.015375858172774
474,1654536703.68373,1516800,-0.123135186731815,0,-1.33469605445862,1.17866539955139,-0.059442952275276,0.092338420450687,0,0.015482019633055,0.015482019633055
475,1654536747.48722,1520000,0.729385554790497,0,0.060590468347073,0.635888040065765,-0.057132240384817,0.090039327740669,0,0.014877442270517,0.014877442270517
476,1654536785.92396,1523200,-1.41957187652588,0,-2.59694766998291,1.14191329479218,-0.056065302342177,0.091527849435806,0,0.014034695923328,0.014034695923328
477,1654536822.7355,1526400,3.1134831905365,0,2.4732723236084,0.60436874628067,-0.054655782878399,0.0904980301857,0,0.014898546971381,0.014898546971381
478,1654536859.58458,1529600,0.468253821134567,0,-0.425912439823151,0.863930523395538,-0.059854730963707,0.090090475976467,0,0.01442257873714,0.01442257873714
479,1654536901.46902,1532800,1.17398071289063,0,0.498879581689835,0.644555032253265,-0.059221792966127,0.08976786583662,0,0.014757380820811,0.014757380820811
480,1654536938.08503,1536000,1.95523846149445,0,1.16005992889404,0.766151309013367,-0.063930697739124,0.092957995831966,0,0.015563203021884,0.015563203021884
481,1654536974.33116,1539200,-2.94357585906982,0,-4.70450019836426,1.73465859889984,-0.063671290874481,0.089937031269074,0,0.013693576678634,0.013693576678634
482,1654537014.04423,1542400,1.13087785243988,0,0.725618958473206,0.37218901515007,-0.057884152978659,0.090953998267651,0,0.01338741928339,0.01338741928339
483,1654537054.14298,1545600,2.04436588287354,0,1.37690627574921,0.636039137840271,-0.059586733579636,0.09100716561079,0,0.014771334826946,0.014771334826946
484,1654537094.47961,1548800,0.372320592403412,0,-0.431882321834564,0.770616114139557,-0.059018567204475,0.092605359852314,0,0.013876366429031,0.013876366429031
485,1654537132.1393,1552000,1.61303389072418,0,0.83238959312439,0.75414252281189,-0.061391443014145,0.087893292307854,0,0.0140187330544,0.0140187330544
486,1654537169.4483,1555200,1.45393025875092,0,0.011604439467192,1.41215586662292,-0.060374569147825,0.090544559061527,0,0.015213424339891,0.015213424339891
487,1654537208.67258,1558400,-0.14338693022728,0,-0.84755277633667,0.680384993553162,-0.068106904625893,0.091887757182121,0,0.014567601494491,0.014567601494491
488,1654537247.32727,1561600,1.26360762119293,0,0.551040828227997,0.687927842140198,-0.066284157335758,0.090923242270947,0,0.015521197579801,0.015521197579801
489,1654537284.29398,1564800,-0.061024621129036,0,-0.862056910991669,0.778318285942078,-0.069476336240769,0.092190340161324,0,0.014987421222031,0.014987421222031
490,1654537325.86386,1568000,0.197653532028198,0,-0.426659792661667,0.600899696350098,-0.066861398518086,0.090275019407272,0,0.013066925108433,0.013066925108433
491,1654537361.55047,1571200,-0.38855516910553,0,-0.906930387020111,0.488570958375931,-0.062903948128224,0.092708185315132,0,0.013483476825059,0.013483476825059
492,1654537400.97573,1574400,0.693491220474243,0,0.299548357725143,0.362181276082993,-0.058660827577114,0.090422369539738,0,0.013713748194277,0.013713748194277
493,1654537440.90699,1577600,-0.148582652211189,0,-0.974001824855804,0.792215883731842,-0.056774001568556,0.089977294206619,0,0.014477164484561,0.014477164484561
494,1654537484.76614,1580800,2.20908331871033,0,1.79331743717194,0.37783083319664,-0.05291349068284,0.090848341584206,0,0.015635015442968,0.015635015442968
495,1654537528.96857,1584000,-2.66882300376892,0,-4.07039546966553,1.36459922790527,-0.054267477244139,0.091240644454956,0,0.012876288965345,0.012876288965345
496,1654537569.24639,1587200,2.28627610206604,0,1.62277841567993,0.619986534118652,-0.046238992363215,0.089750111103058,0,0.014171320013702,0.014171320013702
497,1654537618.24253,1590400,0.323044151067734,0,-0.760062098503113,1.04339683055878,-0.049159642308951,0.088869072496891,0,0.014206420630217,0.014206420630217
498,1654537666.77196,1593600,-0.567678809165955,0,-1.50151264667511,0.897520899772644,-0.051771365106106,0.088084287941456,0,0.013183045201004,0.013183045201004
499,1654537709.39674,1596800,1.57116377353668,0,0.935995161533356,0.59814453125,-0.052027132362127,0.089051254093647,0,0.01340114325285,0.01340114325285
500,1654537749.12172,1600000,1.1495349407196,0,0.59560763835907,0.521796822547913,-0.055143464356661,0.087274007499218,0,0.014260024763644,0.014260024763644
501,1654537788.00433,1603200,-0.169249951839447,0,-1.17048752307892,0.965505719184876,-0.053916558623314,0.089648425579071,0,0.015076033771038,0.015076033771038
502,1654537832.38634,1606400,1.00490200519562,0,0.256812304258347,0.712513625621796,-0.052416175603867,0.087992340326309,0,0.014445047825575,0.014445047825575
503,1654537874.99611,1609600,0.820013105869293,0,0.107255779206753,0.675504624843597,-0.054198060184717,0.091450825333595,0,0.01519606821239,0.01519606821239
504,1654537914.92293,1612800,-1.23301637172699,0,-2.32881140708923,1.06087756156921,-0.053194288164377,0.088111773133278,0,0.012552095577121,0.012552095577121
505,1654537955.16634,1616000,2.59915065765381,0,1.78090083599091,0.779802083969116,-0.052025083452463,0.090472958981991,0,0.013886427506805,0.013886427506805
506,1654538003.29928,1619200,-0.797957599163055,0,-1.56751871109009,0.732675015926361,-0.05259695276618,0.089483015239239,0,0.012242635712028,0.012242635712028
507,1654538045.4897,1622400,0.695010840892792,0,0.43857416510582,0.212173998355865,-0.045370649546385,0.089633353054524,0,0.013195502571762,0.013195502571762
508,1654538087.26853,1625600,0.220715790987015,0,-0.103714652359486,0.27958557009697,-0.046011507511139,0.09085638076067,0,0.013333415612578,0.013333415612578
509,1654538127.33994,1628800,0.473436653614044,0,-0.185799166560173,0.617681503295898,-0.048872858285904,0.090427197515965,0,0.014570771716535,0.014570771716535
510,1654538173.78065,1632000,-0.259345978498459,0,-1.03374552726746,0.73908931016922,-0.053243473172188,0.088553704321385,0,0.013183522038162,0.013183522038162
511,1654538215.41007,1635200,-0.126082509756088,0,-1.06217503547668,0.902090847492218,-0.052884753793478,0.086886435747147,0,0.01394219417125,0.01394219417125
512,1654538252.51249,1638400,-0.246275052428246,0,-0.767421722412109,0.489636063575745,-0.055169463157654,0.086680069565773,0,0.012511209584773,0.012511209584773
513,1654538296.15414,1641600,0.979126572608948,0,0.714383542537689,0.236006587743759,-0.057794023305178,0.086530491709709,0,0.012926693074405,0.012926693074405
514,1654538339.98099,1644800,2.47067618370056,0,1.98014235496521,0.465915828943253,-0.062660202383995,0.08727815002203,0,0.014630160294473,0.014630160294473
515,1654538381.80846,1648000,-0.459710836410522,0,-1.9265570640564,1.44519209861755,-0.066276073455811,0.087930202484131,0,0.013675341382623,0.013675341382623
516,1654538426.46328,1651200,1.56726706027985,0,1.11407625675201,0.426006525754929,-0.061130847781897,0.088315181434155,0,0.014656421728432,0.014656421728432
517,1654538468.71128,1654400,-2.5255823135376,0,-3.4875214099884,0.936057209968567,-0.063093118369579,0.088974930346012,0,0.014129169285297,0.014129169285297
518,1654538513.63451,1657600,2.13406562805176,0,1.50668346881866,0.594688713550568,-0.054396275430918,0.087089844048023,0,0.014212762005627,0.014212762005627
519,1654538558.05654,1660800,1.60371589660645,0,1.26164758205414,0.310414522886276,-0.058406174182892,0.09006005525589,0,0.015328484587371,0.015328484587371
520,1654538597.27926,1664000,1.54548060894012,0,1.01590704917908,0.501855611801147,-0.06121713295579,0.088935136795044,0,0.015283938497305,0.015283938497305
521,1654538637.34696,1667200,0.290402799844742,0,-0.31026366353035,0.569540798664093,-0.06118506193161,0.092310726642609,0,0.014926217496395,0.014926217496395
522,1654538677.1487,1670400,-1.42173230648041,0,-2.53727054595947,1.08688819408417,-0.058970671147108,0.087620727717877,0,0.01390974316746,0.01390974316746
523,1654538715.49438,1673600,1.01777470111847,0,0.575028121471405,0.413481563329697,-0.059157449752092,0.088422492146492,0,0.013934935443103,0.013934935443103
524,1654538756.68553,1676800,0.264299988746643,0,-0.325990438461304,0.564943611621857,-0.062332145869732,0.087678983807564,0,0.014073647558689,0.014073647558689
525,1654538799.95341,1680000,1.26914751529694,0,0.660911798477173,0.579644441604614,-0.060860607773066,0.089451916515827,0,0.013419995084405,0.013419995084405
526,1654538844.8212,1683200,0.056185264140368,0,-0.911725282669067,0.93793648481369,-0.060546774417162,0.090520836412907,0,0.012808846309781,0.012808846309781
527,1654538886.64627,1686400,0.365751653909683,0,-0.077173672616482,0.414059102535248,-0.058157898485661,0.087024122476578,0,0.014316794462502,0.014316794462502
528,1654538924.96971,1689600,-0.160006418824196,0,-0.84759122133255,0.65538215637207,-0.056187193840742,0.088389843702316,0,0.014684381894767,0.014684381894767
529,1654538966.36758,1692800,0.822629511356354,0,0.23444589972496,0.554798245429993,-0.05359286442399,0.086978204548359,0,0.014999593608081,0.014999593608081
530,1654539008.82731,1696000,0.071465983986855,0,-1.20265102386475,1.23939800262451,-0.053595822304487,0.088314831256867,0,0.014721977524459,0.014721977524459
531,1654539046.43427,1699200,3.0597357749939,0,2.38004326820374,0.647757828235626,-0.054856464266777,0.086791165173054,0,0.015139069408178,0.015139069408178
532,1654539087.4895,1702400,-1.3225337266922,0,-2.26724362373352,0.912827670574188,-0.055277071893215,0.087159231305122,0,0.014146286062896,0.014146286062896
533,1654539129.75354,1705600,0.87729799747467,0,0.281651586294174,0.564674735069275,-0.056390155106783,0.087361812591553,0,0.014535021036863,0.014535021036863
534,1654539166.93829,1708800,4.63957977294922,0,3.41595125198364,1.19147968292236,-0.055795136839151,0.087944097816944,0,0.016055155545473,0.016055155545473
535,1654539204.10631,1712000,-0.266262352466583,0,-1.2446049451828,0.951018750667572,-0.06070651859045,0.088030360639095,0,0.014988229610026,0.014988229610026
536,1654539243.58472,1715200,0.23242761194706,0,-0.129433035850525,0.327991425991058,-0.054394964128733,0.088264182209969,0,0.015352168120444,0.015352168120444
537,1654539285.76475,1718400,-0.20366282761097,0,-0.712810516357422,0.475356310606003,-0.054270479828119,0.088061854243279,0,0.015637459233403,0.015637459233403
538,1654539323.95365,1721600,-0.786696970462799,0,-1.39554250240326,0.575981020927429,-0.055793475359678,0.088657952845097,0,0.014294419437647,0.014294419437647
539,1654539363.57929,1724800,0.185934633016586,0,-0.136616572737694,0.29044371843338,-0.05710332095623,0.089210815727711,0,0.01445971801877,0.01445971801877
540,1654539403.19796,1728000,-0.389132022857666,0,-0.683795273303986,0.266379326581955,-0.060156226158142,0.088440142571926,0,0.012894510291517,0.012894510291517
541,1654539443.40674,1731200,-0.066057607531548,0,-0.402655631303787,0.313546806573868,-0.06248539313674,0.085536614060402,0,0.013377903960645,0.013377903960645
542,1654539482.64146,1734400,-0.87401956319809,0,-1.21260380744934,0.309273213148117,-0.057632219046354,0.086943224072456,0,0.010466359555721,0.010466359555721
543,1654539520.03083,1737600,0.576945781707764,0,0.360930234193802,0.179497867822647,-0.050418920814991,0.086936607956886,0,0.012811716645956,0.012811716645956
544,1654539563.12167,1740800,-0.673802435398102,0,-1.61868417263031,0.904210925102234,-0.046360902488232,0.087031699717045,0,0.013322272337973,0.013322272337973
